ID,ID_IN_BOOK,PROVERB,LANGUAGE,EXPLANATION (ORIGINAL LANGUAGE),EXPLANATION (ENGLISH),CATEGORY,
For identification,For tracability,The proverb in the targeted language/dialect,The targeted language/dialect,Explanation in targeted language (MSA for arabic dialects),Explanation in English (translation of the original explanation),Category of the proverb,
ZH_0001,A,哀兵必胜，骄兵必败,ZH,说明受压抑而反抗的部队，必然能打败敌人；骄傲的部队必定失败。比喻两者力量相当时，胜负常取决于双方各自的心态，要戒骄戒躁。,"An oppressed army that fights back will surely defeat its enemy, while an arrogant army is doomed to fail. When two sides are evenly matched, the outcome often depends on their respective mindsets — one must guard against pride and rashness.",Social Military Politics,
ZH_0002,A,矮子队里选将军,ZH,比喻都不够格，只能在差的人中间选择一个较好的。,"When none of the candidates are truly qualified, one can only pick the relatively better one from among a mediocre group.",Social Military Politics,
ZH_0003,A,矮子群里拔不出将军,ZH,比喻在不出众的人群中很难选出优秀者。,It is very hard to select an outstanding person from a group of unremarkable people.,Social Military Politics,
ZH_0004,A,爱跟英雄战，不爱跟狗熊斗,ZH,比喻愿意与英雄战斗，不想跟懦夫较量。,One would rather fight a hero than tangle with a coward.,Social Military Politics,
ZH_0005,A,爱将如宝，视卒如草,ZH,指古时候主帅像爱惜珍宝一样爱惜自己的将领，而对待士卒却像草一般轻视。,"In ancient times, a supreme commander would cherish his officers like precious treasures while treating common soldiers as worthless as grass. ",Social Military Politics,
ZH_0006,A,岸上修船易，到得江中彻底沉,ZH,比喻船坏了，如果在岸上很容易修好。到了水流和风速极大的江海中，就会完全沉没。说明问题要从根本上解决，不能只做表面文章。,"If a boat is damaged, it is easy to repair on shore. But once it reaches turbulent rivers and seas with strong currents and winds, it will sink completely. Problems must be solved at their root, not with superficial measures.",Social Military Politics,
ZH_0007,B,八月十五过大年,ZH,意思指有些地方的中秋节好比过年一般热闹喜庆。,"In some regions, the Mid-Autumn Festival is celebrated with as much festivity and joy as the New Year.",Social Military Politics,
ZH_0008,B,白日便见簸箕星,ZH,簸箕星即扫帚星。迷信的人认为扫帚星的出现意味着将会发生灾祸。所以带来灾祸的人被认为就是扫帚星。比喻偶然出现的一种利益冲突。,"The ""dustpan star"" refers to a comet. Superstitious people believed a comet's appearance foretold disaster, so anyone who brought calamity was called a ""comet."" This is used figuratively to describe an unexpected clash of interests.",Social Military Politics,
ZH_0009,B,百船出港，一船领头,ZH,意思是在很多人当中，总有一个人做领头羊。,"Among a large group of people, there is always one who steps up to lead.",Social Military Politics,
ZH_0010,B,百将易得，一帅难求,ZH,意思为很多平凡普通的将领容易得到，但那些具有优秀领导才能的高级统帅却很难求得。亦指出类拔萃的人才稀少。,"Ordinary generals are easy to find, but a truly outstanding supreme commander with exceptional leadership ability is extremely hard to come by. This also means that truly exceptional talent is rare.",Social Military Politics,
ZH_0011,B,百里不同风，千里不同俗,ZH,俗是指风俗习惯。距离大约几百里，民风就大不一样；相隔干里左右，习俗就有很大差别。指各地的民风习俗差别很大。,"""Su"" refers to customs and habits. Within a few hundred li, local customs already differ greatly; across a thousand li, traditions vary enormously. Local customs and practices differ vastly from place to place.",Social Military Politics,
ZH_0012,B,百密未免一疏,ZH,意思是筹划得再周密，也免不了会有疏漏。,"No matter how carefully one plans, there will inevitably be some oversight.",Social Military Politics,
ZH_0013,B,百年寿限不准有，百年计划不能无,ZH,指人虽然不一定能够长命百岁。但不能没有长远的计划,"A person may not necessarily live to be a hundred years old, but one must not be without long-term plans.",Social Military Politics,
ZH_0014,B,百人吃百味，百里不司风,ZH,指每人有每人的口味，每个地方也有每个地方不同的风俗习惯。,"Every person has their own taste, and every place has its own distinct customs and habits.",Social Military Politics,
ZH_0015,B,百星之明，不如一月之光,ZH,兀百颗星星的亮度也不能和一轮明月的光辉相比。比喻再多的普通人也不如一个核心人物的作用大。,"The brightness of a hundred stars cannot compare with the radiance of a single moon. No matter how many ordinary people there are, they cannot match the influence of one key figure.",Social Military Politics,
ZH_0016,B,百战百胜，不如不战,ZH,即使胜仗连连，也不如不打仗好。,Even an unbroken string of victories is not as good as not having to fight at all.,Social Military Politics,
ZH_0017,B,百战成勇士，苦练出精兵,ZH,意思是多次战斗就能磨炼出勇猛的士兵，艰苦的训练就能培养出精锐的队伍。,"Numerous battles forge brave warriors, and rigorous training produces elite troops.",Social Military Politics,
ZH_0018,B,败兵之将，不敢言勇,ZH,比喻吃了败仗的将领，不敢对他人讲自己的勇敢。多指人受到挫折以后，容易失去自信。,A general who has suffered defeat dares not speak of his own bravery to others. This often refers to the way people tend to lose confidence after experiencing setbacks.,Social Military Politics,
ZH_0019,B,败将不提当年勇,ZH,指打了败仗的人没有资格再去炫耀过去的英雄事迹。,One who has lost a battle has no right to boast about past heroic deeds.,Social Military Politics,
ZH_0020,B,败军之将，不足与图存,ZH,意谓打了败仗的将领，不值得与他共同策划天下存亡的大计。,A general who has lost his battle is not worth consulting on matters of national survival and grand strategy.,Social Military Politics,
ZH_0021,B,搬起石头打自己的脚,ZH,比喻想坑害他人，结果自己却因此吃了苦果。,One who schemes to harm others ends up suffering the bitter consequences oneself.,Social Military Politics,
ZH_0022,B,半部《论语》可以治天下,ZH,古时推崇《论语》，认为只要运用《论语》的一半思想就能够治理好社会。,"In ancient times, the Analerta was so revered that people believed applying just half of its wisdom was enough to govern society well.",Social Military Politics,
ZH_0023,B,伴君如伴虎,ZH,陪伴君王好比陪伴老虎，随时都会招来杀身之祸。指古时君王喜怒无常。,Serving a ruler is like keeping company with a tiger — one may face mortal danger at any moment. This refers to the unpredictable temperament of ancient monarchs.,Social Military Politics,
ZH_0024,B,帮腔上不去台,ZH,比喻在暗中相助的人不能露面。,A person who helps from behind the scenes cannot step into the open.,Social Military Politics,
ZH_0025,B,绑鸡的绳子，捆不住大象,ZH,指制伏弱者的手段，不能用于制伏强者。,Methods used to subdue the weak cannot be used to subdue the strong.,Social Military Politics,
ZH_0026,B,宝剑必付烈士，奇方必须良医,ZH,烈士：有志于有所建树的人。指宝剑应该给予有志之士使用，有特殊功效的药方应该出自良医之手。,"""Lieshi"" refers to a person with ambition and aspirations. A fine sword should be given to an ambitious and worthy person, and a rare medicinal formula should come from the hands of a skilled physician.",Social Military Politics,
ZH_0027,B,保国莫如安民，安民莫如择交,ZH,指两国建立友好的邦交关系才能安民，安民才能保国。,"Only by establishing friendly diplomatic relations between nations can the people enjoy stability, and only when the people are stable can the nation be protected.",Social Military Politics,
ZH_0028,B,备而未战，不是无战；战而无备，必有大患,ZH,指做好准备却没有打仗，并不意味着没有战事；要打仗而准备不充分，就会导致大的灾难。,Being prepared yet not fighting does not mean there will be no war; going to war without adequate preparation will certainly lead to great disaster.,Social Military Politics,
ZH_0029,B,本地姜不辣,ZH,比喻土生土长的人或物经常受当地人歧视。,Locally grown people or products are often looked down upon by the locals themselves.,Social Military Politics,
ZH_0030,B,本钱易寻，伙计难讨,ZH,指集资容易，但合适的帮手却很难找到。,"Raising capital is easy, but finding a suitable and reliable partner is hard.",Social Military Politics,
ZH_0031,B,笨鸭子上不了架,ZH,比喻本事不大的人不可能做成大事。,A person of limited ability cannot accomplish great things.,Social Military Politics,
ZH_0032,B,宫逼民反民自反，君正臣廉民自安,ZH,古时认为官府腐败，就会逼得老百姓联合起来反抗；君臣清廉，老百姓自然会安居乐业。,"In ancient times, when officials were corrupt, the common people would be driven to unite in rebellion; when the ruler was upright and his ministers honest, the people would naturally live and work in peace and contentment.",Social Military Politics,
ZH_0033,B,笔头尖上文官业，刀剑撑持武将威,ZH,意思为文职官员通过文章展示自己的才能，武将通过武艺树立自己的威信。,"Civil officials demonstrate their talent through writing, while military generals establish their authority through martial prowess.",Social Military Politics,
ZH_0034,B,扁担没扎，两头失塌,ZH,比喻两边都落空，一无所获。,Both sides end up empty — nothing is gained at all.,Social Military Politics,
ZH_0035,B,便重不便轻,ZH,意思是有些人适合做重大的事情，而不适合承担鸡毛蒜皮小事。,Some people are suited for handling important matters but not for dealing with trivial affairs.,Social Military Politics,
ZH_0036,B,兵败如山倒，胜者似潮来,ZH,部队溃败好比山倒塌。指部队一旦溃败，便不可收拾如潮水一般涌上来。意为事情不可逆转。,"A defeated army collapses like a mountain falling, and the victors surge forward like a tide. Once a rout begins, it is irreversible.",Social Military Politics,
ZH_0037,B,兵不厌诈，将贵知机,ZH,指打仗时可以运用欺诈的手段来迷惑对方，指挥作战的将领贵在能及时把握有利时机作战。,"In warfare, deception may be freely employed to confuse the enemy; what is most valuable in a commanding general is the ability to seize the opportune moment in battle.",Social Military Politics,
ZH_0038,B,兵藏武库，马入华山,ZH,兵器藏进武库，军马放入华山。意思是天下太平。,Weapons are stored in the arsenal and warhorses are released onto Mount Hua. This signifies a time of peace under heaven.,Social Military Politics,
ZH_0039,B,兵出无名，事故不成,ZH,指出兵打仗，理由不正当就会吃败仗。,"When an army goes to war without a just cause, it is destined to lose.",Social Military Politics,
ZH_0040,B,兵对兵，将对将,ZH,意谓对阵或协作的双方势均力敌。,The two opposing or cooperating sides are evenly matched in strength.,Social Military Politics,
ZH_0041,B,兵多好打仗，人多好做活,ZH,兵多对作战有利，人多对干活有利。比喻人多力量大。,"More soldiers are advantageous for battle, and more hands are advantageous for work. This illustrates the power of numbers.",Social Military Politics,
ZH_0042,B,兵贵奇不贵众,ZH,用兵打仗贵在出奇制胜，而不在于人多。,"In warfare, what matters is achieving victory through surprise and ingenuity, not through sheer numbers.",Social Military Politics,
ZH_0043,B,兵贵神速,ZH,指用兵作战行动要快，才能让敌人出乎意料。泛指行事宜速，努力争取主动权。,"Military operations must be swift to catch the enemy off guard. More broadly, any undertaking should be carried out quickly to seize the initiative.",Social Military Politics,
ZH_0044,B,兵贵速，不贵久,ZH,指用兵打仗宜速战速决，不宜打持久战。,"In warfare, quick decisive battles are preferable; protracted campaigns should be avoided.",Social Military Politics,
ZH_0045,B,兵过如火烧,ZH,古时部队经过一处，就烧杀抢掠，使百姓如同蒙受一场大的火灾。,"In ancient times, whenever troops passed through an area, they would burn, kill, and plunder, leaving the common people as devastated as if they had suffered a great fire.",Social Military Politics,
ZH_0046,B,兵可百年不用，不可一日不备,ZH,军队可以长时间不打仗，但不能一天不备战。,"An army may go a long time without fighting, but it must not go a single day without being prepared for war.",Social Military Politics,
ZH_0047,B,兵来将挡，水来土掩,ZH,指如果敌人来进犯，自有将领率而战胜方则兵迎战；如果洪水袭来，自有堤坝抵挡。也指根据不同的情况，应该采取行之有效的方法。比喻不管面临何种情况，都要有相对应的应付办法。,"When the enemy comes to attack, generals will lead soldiers to meet them in battle; when floodwaters come, earthen dams will hold them back. Different situations call for different effective measures. No matter what one faces, there must always be a corresponding countermeasure.",Social Military Politics,
ZH_0048,B,兵来将迎，水来土堰,ZH,交战时，针锋相对，抵抗敌人。比喻根据具体情况采取相对应策略。,"In battle, one meets the enemy head-on in direct confrontation. This means adopting the appropriate strategy based on the specific circumstances.",Social Military Politics,
ZH_0049,B,兵来如梳，贼来如篦，匪来如剃,ZH,指古时的反动军队同盗贼 、土匪一样，抢劫、掠夺老百姓，各个凶残无比。,"In ancient times, reactionary armies were no different from bandits and outlaws — they all robbed and plundered the common people with extreme brutality.",Social Military Politics,
ZH_0050,B,兵力易聚不易分,ZH,打仗时应该集中兵力各个击破，不宜分散。,"In warfare, forces should be concentrated to defeat the enemy piecemeal, rather than being scattered.",Social Military Politics,
ZH_0051,B,兵马未动，粮草先行,ZH,在军队还没有行动之前，就得先淮备好粮食和草料。指行军作战，后勤工作得先做好。,"Before the troops move out, food and fodder must be prepared in advance. In any military campaign, logistics must be taken care of first.",Social Military Politics,
ZH_0052,B,兵是将之威，将是兵之胆,ZH,士兵勇敢善战，才能显示将领的威风，将领有谋略，善于指挥，士兵才会勇敢过人。兵松松一个，将松松一窝士兵松散只影响个人，将领松散就会影响整个部队。意思指对将领要求更要严格。,"Only when soldiers are brave and skilled in battle can the general's prestige be displayed; only when the general is strategic and adept at command will the soldiers be exceptionally courageous. A slack soldier affects only himself, but a slack general affects the entire army. This means that standards for generals must be even stricter.",Social Military Politics,
ZH_0053,B,兵随将令草随风,ZH,士兵服从将领的命令就如草随风而动一样。比喻军令如山倒，每个士兵要服从。,"Soldiers obey their general's orders just as grass bends with the wind. Military orders are absolute, and every soldier must comply.",Social Military Politics,
ZH_0054,B,兵无常势，水无常形,ZH,用兵作战没有固定的阵势，就好比水不可能有特定的形状一样。,"Military tactics have no fixed formations, just as water has no fixed shape.",Social Military Politics,
ZH_0055,B,兵无将而不动，蛇无头而不行,ZH,指士兵如果没有将领的指挥，步调不可能一致，行军打仗，就如蛇没有头无法爬行一样。比喻如果没有领头人，就办不成事情。,"Without a general's command, soldiers cannot march in unison, just as a snake without a head cannot move. Without a leader, nothing can be accomplished.",Social Military Politics,
ZH_0056,B,兵无强弱，将有巧拙,ZH,指将领的谋略直接影响军队的强弱。,The skill or lack thereof in a commander's strategy directly determines whether the army is strong or weak.,Social Military Politics,
ZH_0057,B,兵无主自乱,ZH,如果战场上没有主帅，军队就会一盘散沙。,"Without a commander on the battlefield, the army will fall into complete disarray.",Social Military Politics,
ZH_0058,B,兵行千里，不战自乏,ZH,行军千里，即使不作战，也会疲乏。,"After marching a thousand li, an army will be exhausted even without engaging in battle.",Social Military Politics,
ZH_0059,B,兵熊熊一个，将熊熊一窝,ZH,当兵的个人没本事，影响不算大，但是首领窝囊就会影响整体的战斗力。,"If an individual soldier is incompetent, the impact is limited; but if the leader is incompetent, the fighting strength of the entire force is compromised.",Social Military Politics,
ZH_0060,B,兵要练方可精，刀要磨刃才利,ZH,意思是士兵只有艰苦训练，本领才能精强，就像刀要磨砺才能锋利一个道理。,"Soldiers can master their skills only through rigorous training, just as a blade becomes sharp only through constant grinding.",Social Military Politics,
ZH_0061,B,兵有利钝，仗无常胜,ZH,武器装备有好有坏，带兵打仗不可能永远都不失败。,"Weapons and equipment vary in quality, and no army can win every single battle — there is no such thing as permanent victory.",Social Military Politics,
ZH_0062,B,兵在精而不在多，将在谋而不在勇,ZH,士兵贵在精锐，不在于数量；主将要有谋略，不能只有勇敢。,"What matters in soldiers is quality, not quantity; what matters in commanders is strategy, not mere bravery.",Social Military Politics,
ZH_0063,B,不打勤，不打懒，单打没长眼,ZH,指古代衙门里的监工既不会责罚手脚麻利的工人，也不会责罚拖泥带水的工人，而是责罚那些不会察言观色的工人。,"In ancient government workshops, the overseer would not punish the quick-handed worker, nor would he punish the slow one — he would only punish those who failed to read the situation and act accordingly.",Social Military Politics,
ZH_0064,B,不当官儿不操心，不吃俸禄不担惊,ZH,不当朝廷的官吏就不易多操心，不拿朝廷的俸禄就不必担惊受怕，提心吊胆。,"If you do not hold a government position, you need not worry about affairs of state; if you do not draw an official salary, you need not live in constant fear and anxiety.",Social Military Politics,
ZH_0065,B,不到火候不揭锅,ZH,火候：烧火的火力强弱和时间长短。指做饭烧莱时火候不够就不能开锅。比喻做事要把握好成熟的时机，不能肓目采取行动。,"""Heat level"" refers to the intensity of fire and the length of cooking time. If the heat is not right, one should not lift the lid. One must wait for the right moment before acting, rather than rushing in blindly.",Social Military Politics,
ZH_0066,B,不到西天，不知佛大小,ZH,西天：佛经中描写的阿弥陀佛居住的地方。指不到酉天就不可能知道佛是什么样。比喻不给点颜色就不知道厉害，也比喻不身临其境就不会知道事情的来龙去脉。,"The ""Western Paradise"" is described in Buddhist scriptures as the abode of Amitabha Buddha. Without going there, one cannot know what the Buddha is truly like. This means that without experiencing something firsthand, one cannot understand the full scope of a situation; it also means that some people do not appreciate the gravity of a situation until they are shown.",Social Military Politics,
ZH_0067,B,不管白猫黑猫，抓住老鼠就是好猫,ZH,意思是不管什么样的猫，能抓住老鼠的就是好猫。比喻不管使用什么样的方法，只要能达到最终目的就是好方法。,It does not matter what kind of cat it is — any cat that catches mice is a good cat. It does not matter what method is used — any method that achieves the desired result is a good method.,Social Military Politics,
ZH_0068,B,不厚其栋，不能任重,ZH,指只有粗大结实的栋粱，才能承受得住屋架上的沉重压力。比喻只有优秀的人，才能担负起治理国家的重任。,Only a thick and sturdy ridgepole can bear the heavy weight of a roof structure. Only truly capable people can shoulder the great responsibility of governing a nation.,Social Military Politics,
ZH_0069,B,不会做饭的看锅，会做饭的看火,ZH,火：火候，指有利的时机。意思指不善于做饭的人总是瞅着锅里的东酉，会做饭的人却总将注意力放在火候上。比喻会办事的人总是善于把握时机。,"""Fire"" here means the heat level, referring to favorable timing. An unskilled cook keeps watching what is in the pot, while a skilled cook keeps watching the fire. A capable person is always adept at seizing the right opportunity.",Social Military Politics,
ZH_0070,B,不见兔子不撒鹰,ZH,狩猎的人看不见兔子，是不会把鹰放出去的。比喻没发现预期的目标，不到合适的时机，是不会采取行动的。,"A hunter does not release his hawk until he spots the rabbit. Without identifying the expected target or reaching the right moment, one does not take action.",Social Military Politics,
ZH_0071,B,不见鱼出水，不下钓鱼竿,ZH,比喻没有相当的把握，就不贸然采取行动。,"Without a reasonable degree of certainty, one does not rashly take action.",Social Military Politics,
ZH_0072,B,不见真佛，不念真经,ZH,佛：佛教徒称修行圆满的人。比喻遇不到合适的人就不能把自己的底细或真正的想法等说给别人。,"""Buddha"" here refers to one who has achieved spiritual perfection in Buddhist practice. One does not reveal one's true thoughts or innermost secrets unless in the presence of the right person.",Social Military Politics,
ZH_0073,B,不见真佛不烧香,ZH,意思是不了解对方的底细就不能随便采取行动。,"Without understanding the other party's true nature and background, one should not act rashly.",Social Military Politics,
ZH_0074,B,不怕不识货，就怕货比货,ZH,"指不了解产品不用担心，只要和同类产品进行比较,就能判断出孰优孰劣。比喻无论什么事只要经过对比，就能做出正确的判断。","Not knowing the merchandise is no cause for worry — just compare it with similar products, and you can tell which is better and which is worse. Through comparison, one can always make a sound judgment about anything.",Social Military Politics,
ZH_0075,B,不怕出山狼，就怕藏家鼠,ZH,指从山里来的狼并不可怕，可怕的是藏在家里的老鼠。比喻潜藏的恶人比明地里的恶人更阴险，更凶恶。换句话说，潜藏在内部的恶人比明地里的恶人更可怕。,"A wolf coming down from the mountains is not as frightening as a rat hiding inside one's own home. A hidden enemy within is more insidious and dangerous than an open enemy outside. In other words, internal threats are more terrifying than external ones.",Social Military Politics,
ZH_0076,B,不怕官，只怕管,ZH,"不怕官大,怕的是直接被管着指顶头上司对当事人最有约束力",One does not fear a high-ranking official so much as the person who directly supervises you. It is your immediate superior who has the most power over you.,Social Military Politics,
ZH_0077,B,不怕麻糖棍棍，就怕黄米包粽,ZH,麻糖：用麦芽糖制成的小棍状的糖果。黄米：黍子去了壳的果实，比小米稍大，黄色，煮熟后很黏。我国某些地区的风俗习惯，腊月十三要用麻糖祭灶王爷，端午节要吃用黄米和枣包成的粽子。指北方某些地方端午节后正是青黄不接的季节，穷人的日子很难过。,"""Matang"" is a stick-shaped candy made of malt sugar. ""Huangmi"" is the husked grain of broomcorn millet, slightly larger than foxtail millet, yellow in color, and very sticky when cooked. In certain regions of China, matang candy is offered to the Kitchen God on the thirteenth of the twelfth lunar month, and glutinous millet dumplings with dates are eaten at the Dragon Boat Festival. In some northern areas, the period right after the Dragon Boat Festival is exactly when old grain runs out and new grain has not yet ripened — a very hard time for the poor.",Social Military Politics,
ZH_0078,B,不怕人多心不齐，只要有人扛大旗,ZH,只要有威信高的人领导，大家就会积极地同心协力,"As long as someone with high prestige takes the lead, everyone will unite and work together with enthusiasm.",Social Military Politics,
ZH_0079,B,不怕人心似铁，难逃王法如炉,ZH,比喻人的意志即使如钢铁一般坚强，也难逃如炉火一样的刑法。古时指人终将受制于王法。,"No matter how iron-strong a person's will may be, they cannot escape the law, which burns like a furnace. In ancient times, this meant that everyone would ultimately be subject to the rule of law.",Social Military Politics,
ZH_0080,B,不入地狱，不知饿鬼变相,ZH,地狱：佛教认为人死后灵魂受难的地方。饿鬼：佛教认为人生前不干好事，死后要堕入饿鬼道，饱受饥饿的痛苦。常用来比喻如果不深人对方内部，就不了解对方的底细。,"""Hell"" is the place where the souls of the dead suffer, according to Buddhism. ""Hungry ghosts"" are those who, having done no good in life, fall into the Realm of Hungry Ghosts after death and endure the agony of starvation. This is commonly used to mean that without going deep inside a situation, one cannot understand the other party's true nature.",Social Military Politics,
ZH_0081,B,不施万丈深潭计，怎得鳌鱼上钓钩,ZH,鳌：传说中海中的大龟或大鳖。说明没有高深的计谋就不能使有本事的人上当受骗。,"""Ao"" refers to a legendary giant sea turtle or tortoise. Without a truly profound and cunning scheme, one cannot trick a formidable and capable person into falling for it.",Social Military Politics,
ZH_0082,B,不图锅巴吃，不在锅边转,ZH,要是不想吃锅巴，就不用在锅旁边站着了。比喻由于有所目的而采取行动。也比喻为了获得利益，不得不去干这些事情。,"If you do not want the crispy rice stuck to the bottom of the pot, you would not stand around the pot. People take action because they have a purpose. It also means that to obtain a benefit, one has no choice but to do certain things.",Social Military Politics,
ZH_0083,B,不行万里路，难见痴人心,ZH,意思是要经过长时间的考验，才能真正了解一个人。,Only through long trials and shared experiences can one truly come to know another person's heart.,Social Military Politics,
ZH_0084,B,不义之饵，鳌将吐之,ZH,饵：钓饵，引诱鱼上钩的食物。鳌：传说中海里的大鳖。意思如果钓饵来之不义，即使鳌吞下去了，也会重新吐出来。比喻不守信义的事物，人们都会嫌弃。,"""Bait"" refers to the lure used to hook fish. ""Ao"" is the legendary giant sea turtle. If the bait is obtained through unjust means, even the great sea turtle will spit it out after swallowing it. Things tainted by dishonesty and bad faith will be rejected by everyone.",Social Military Politics,
ZH_0085,B,不用霹雳手段，显不出菩萨心肠,ZH,霹雳：云和地面之间发生的一种强烈雷电现象，响声巨大。比喻手段不强硬，好心肠就显不出来。又喻指恩威并济，才能达到预料目标。,"""Thunderbolt"" refers to a violent lightning discharge between cloud and ground with a tremendous crash. Without stern and forceful measures, one's good intentions cannot be made apparent. It also means that only by combining severity with benevolence can one achieve the desired outcome.",Social Military Politics,
ZH_0086,B,不知道他葫芦里卖的什么药,ZH,葫芦：古时用来装盛中药的一种器皿，又称药葫芦。指不了解对方的企图。,"A ""gourd"" was a vessel used in ancient times to store herbal medicine, also called a medicine gourd. This means one does not understand what the other party is scheming.",Social Military Politics,
ZH_0087,C,参谋一群，当家一人,ZH,尽管出谋划策的人非常多，但最终做决定的人只有一个。,"Although many people may offer advice and strategies, ultimately only one person makes the final decision.",Social Military Politics,
ZH_0088,C,苍天有眼,ZH,指上天能明察善与恶，给予公平合理的奖惩。,Heaven can clearly distinguish good from evil and will bestow fair rewards and punishments accordingly.,Social Military Politics,
ZH_0089,C,草锄不尽，终究是庄稼的害,ZH,喻指不彻底铲除恶人，最终还是会给社会带来祸害。,"If evildoers are not thoroughly uprooted, they will ultimately continue to bring harm to society.",Social Military Politics,
ZH_0090,C,察见渊鱼者不祥，智料隐匿者有殃,ZH,察：明察，看得清楚。渊鱼：深潭中的游鱼。隐匿：隐蔽不为人所知的事。指能看清深水中游鱼的人不会有好运，能预知他人秘密的人定会招来灾难。比喻人过于聪明反受其害。,"""Cha"" means to see clearly. ""Yuanyu"" means fish in a deep pool. ""Yinni"" means hidden, unknown matters. A person who can see the fish swimming in the depths will not have good fortune; one who can divine others' secrets will surely invite disaster. Being excessively clever brings harm upon oneself.",Social Military Politics,
ZH_0091,C,柴多火焰高，人多声音大,ZH,意思是人多力量大，就像柴多烧起来火焰高一样。,"Strength lies in numbers, just as more firewood makes a higher flame.",Social Military Politics,
ZH_0092,C,豺狼当道，安问狐狸,ZH,豺狼当道时肆无忌惮，没人过问，反而说起狐狸的罪过。比喻除恶要先除大害，除要害。,"When jackals and wolves run rampant with impunity and no one holds them accountable, people instead point fingers at the fox. When eliminating evil, one must target the greatest threat and the most critical danger first.",Social Military Politics,
ZH_0093,C,谗言误国，淫妇乱家,ZH,谗言会危害国家，淫妇会搅乱家庭。,"Slander can endanger a nation, and a dissolute woman can throw a household into chaos.",Social Military Politics,
ZH_0094,C,谄言害主，直言救国,ZH,奉承话可以祸害国君，耿直的话才能让国家昌盛。,"Flattering words can harm the ruler, while frank and honest speech can save the nation and make it prosper.",Social Military Politics,
ZH_0095,C,铲尽不平天下平,ZH,指铲除所有的邪恶不公平，国家才能安定太平。,Only when all evil and injustice are completely eradicated can the nation enjoy peace and stability.,Social Military Politics,
ZH_0096,C,长痛不如短痛,ZH,长期被痛苦折磨，还不如一时忍受剧痛彻底解决。也指为了避开长期的麻烦，宁愿忍受眼前一时的痛苦。,"Prolonged suffering is worse than enduring a brief, intense pain that resolves the problem once and for all. To avoid long-term trouble, it is better to bear a short-term hardship now.",Social Military Politics,
ZH_0097,C,长线放远鹞儿,ZH,"鹞：风筝。喻指从长计议,可以取到更大的收获。","""Yao"" means a kite. Taking a long-term approach and being patient can yield far greater gains.",Social Military Politics,
ZH_0098,C,长夜酒能淹社稷,ZH,社稷：古时君主祭祀的土神和谷神，借指国家的政权。帝王荒淫无度，彻夜饮酒，亵渎国政，会导致国家灭亡。,"""Sheji"" refers to the gods of earth and grain worshipped by ancient rulers, and by extension the state and its regime. A ruler who is dissolute and debauched, drinking through the night and neglecting state affairs, will bring about the downfall of the nation.",Social Military Politics,
ZH_0099,C,朝里无人莫做官,ZH,如果自己在朝廷里面没有特殊关系的人，就不要做官。指古时做官，得有靠山。也指朝廷里面如果没有主持正义的人，就不要做官。,"If you have no one with connections or influence at court, do not attempt to become an official. In ancient times, one needed a powerful backer to succeed in officialdom. It also means that if there is no one at court who upholds justice, it is better not to serve.",Social Military Politics,
ZH_0100,C,朝里有人好儆官,ZH,古时指在朝廷里有后台就容易做官。,"In ancient times, having a powerful patron at court made it easy to obtain an official position.",Social Military Politics,
ZH_0101,C,朝廷也不使饿兵,ZH,使：使用，差遣。皇帝也不差遣没吃饱的士兵去作战。指托人办事之前得先让他吃好饭或说好报酬。,"""Shi"" means to use or dispatch. Even the emperor does not send hungry soldiers into battle. Before asking someone to do a task, one should first ensure they are properly fed or that compensation has been agreed upon.",Social Military Politics,
ZH_0102,C,朝有奸逆，山隐草寇；国有良臣；外有忠善,ZH,指朝内奸逆当权，英雄豪杰就只能隐居野外；国家有忠良的大臣，百姓就会忠于朝廷，安分守己。古时指社会的安定与朝廷大臣是否清廉有直接关系。,"When treacherous officials hold power at court, heroes and capable people can only retreat and hide in the countryside; when the state has loyal and virtuous ministers, the common people will be faithful and law-abiding. In ancient times, social stability was directly linked to the integrity of court officials.",Social Military Politics,
ZH_0103,C,炒豆大伙吃，炸锅一人担,ZH,比喻有利益大家共同分享，有问题一个人承担。也就是说，有好处应当一起分享，遇到不好的事应当由一人承担。,"When there are benefits, everyone shares them together; when problems arise, one person bears the burden alone. In other words, good fortune should be shared, while misfortune should be shouldered by an individual.",Social Military Politics,
ZH_0104,C,车到山前必有路，船遇顶风也能开,ZH,比喻事到临头自会有办法能够解决。也比喻只要奋勇前进，任何困难都能克服。常用来鼓励困难当前要坚定信心。,"When the moment arrives, a solution will naturally present itself. As long as one presses forward bravely, any difficulty can be overcome. This is often used to encourage people to stay confident in the face of adversity.",Social Military Politics,
ZH_0105,C,车到山前必有路，船到桥头自然直,ZH,比喻事到临头，总会有办法解决问题。,"When the moment comes, there will always be a way to solve the problem.",Social Military Politics,
ZH_0106,C,尘世难逢笑口开,ZH,尘世：佛教，道教指人世间。佛教中指人世间几乎没有使人开心的事情,"""The mortal world"" is a term used in Buddhism and Taoism to refer to the human realm. In Buddhist thought, there are hardly any occasions for genuine happiness in the human world.",Social Military Politics,
ZH_0107,C,称一称知轻重，量一量知短长,ZH,指只有经过实践的检验，才可以对事情作出判别。,Only through the test of practice can one properly judge a matter.,Social Military Politics,
ZH_0108,C,成不成，吃三瓶,ZH,意思是不管事情办成功能否，得先请人喝酒。,"Whether or not the matter succeeds, one must first treat the helpers to drinks.",Social Military Politics,
ZH_0109,C,成工不毁,ZH,指有做好的工艺品不能随意毁掉重作。比喻新做工艺品耗时费财。,A finished piece of craftsmanship should not be casually destroyed and redone. Making a new one from scratch is costly in both time and resources.,Social Military Politics,
ZH_0110,C,秤锤虽小压千斤,ZH,秤锤虽然不大，却能称出千斤重的物体。意思是人小志气大或人物虽渺小起的作用却很大。,"Although a steelyard weight is small, it can measure objects weighing a thousand jin. This means a person may be small but have great ambition, or a seemingly insignificant figure can play a very large role.",Social Military Politics,
ZH_0111,C,秤砣小，坠千厅；胡椒小，辣人心,ZH,意思是轻的能压住重的，小的能制服大的。常指不要忽视年轻人的力量。,"Something light can weigh down something heavy, and something small can subdue something large. This is often used as a reminder not to underestimate the strength of the young.",Social Military Politics,
ZH_0112,C,吃的盐和米，讲的情和理,ZH,指做人要讲情意、讲道理。,"In one's conduct, one should value both human feeling and reason.",Social Military Politics,
ZH_0113,C,吃饭还不免掉一个米粒,ZH,比喻庞大的工程难免不会出现问题。,Even a massive project is bound to have some flaws.,Social Military Politics,
ZH_0114,C,吃饭泡米汤，自己作主张,ZH,指遇到事情自己要有主见,"When one encounters a situation, one should have one's own independent judgment.",Social Military Politics,
ZH_0115,C,吃个鱼头腥个嘴,ZH,指鱼的头部虽肉不多，但吃了鱼头肉，嘴上也沾腥。比喻干多干少担当的名声是不变的。,"Although a fish head has little meat, eating it still leaves a fishy smell on one's lips. Whether one does much or little, the reputation one bears remains the same.",Social Military Politics,
ZH_0116,C,吃瓜莫吃蒂，做官莫作卑,ZH,吃瓜不能吃瓜蒂，因为瓜蒂是苦的；当官不能当小官，因为小官处处受制于人。古时认为当官就要当有实权的大官。,"One should not eat the stem of a melon because it is bitter; one should not hold a petty office because a minor official is controlled by others at every turn. In ancient times, it was believed that if one is to hold office at all, it should be a high-ranking position with real authority.",Social Military Politics,
ZH_0117,C,吃酒的望醉，放债的图利,ZH,泛指人无论做什么事，都有自己的目的。,"No matter what people do, they always have their own purpose behind it.",Social Military Politics,
ZH_0118,C,吃亏人常在,ZH,指不愿意占便宜的人一直站得住脚,Those who are willing to take a loss always endure and stand firm in the long run.,Social Military Politics,
ZH_0119,C,吃了砒霜药老虎,ZH,砒霜：剧毒药。比喻得不偿失。,"""Arsenic"" is a deadly poison. This describes a situation where the cost far outweighs the gain.",Social Military Politics,
ZH_0120,C,吃了蒜瓣知道辣,ZH,比喻受到严厉惩处之后才了解对方的厉害，再也不敢胡作非为。,"Only after suffering severe punishment does one come to understand the other party's power, and one no longer dares to act recklessly.",Social Military Politics,
ZH_0121,C,吃了羊肉会惹膻,ZH,比喻做了不正当的坏事就会惹祸上身。,Engaging in wrongful and improper deeds will inevitably bring trouble upon oneself.,Social Military Politics,
ZH_0122,C,吃明不吃暗,ZH,指宁愿吃明亏，也不能吃暗亏。,One would rather suffer an open and acknowledged loss than a hidden and underhanded one.,Social Military Politics,
ZH_0123,C,吃哪行饭，说哪行话,ZH,指靠哪个行业吃饭的人，经常说的、做的就是哪个行业的事情。,"Whatever trade a person relies on for a living, that trade is what they constantly talk about and engage in.",Social Military Politics,
ZH_0124,C,吃人家的嘴软，拿人家的手短,ZH,指吃了别人的东西，拿了别人的钱财，腰杆子就挺不起来了，遇事只能顺着别人。比喻接受了人家的宴请或礼物，就不好意思坚持公正，秉公办事。,"After eating someone else's food and taking someone else's money, one can no longer stand tall — one can only go along with that person on everything. Once you have accepted someone's banquet or gift, it becomes difficult to remain impartial and handle matters fairly.",Social Military Politics,
ZH_0125,C,吃烧饼还要赔陲沫,ZH,比喻办事总得花费点钱财。也喻指办事不付出代价是行不通的。,Getting anything done always involves some expenditure. Nothing can be accomplished without paying a price.,Social Military Politics,
ZH_0126,C,吃一分亏，受无量福,ZH,佛家认为，与人相处不占别人的光，会得到很多回报。,"In Buddhist teaching, if one does not take advantage of others in one's dealings, one will receive much in return.",Social Military Politics,
ZH_0127,C,吃鱼先拿头,ZH,比喻解决问题要抓住领头人或问题的关键所在。,"To solve a problem, one must go after the ringleader or identify the crux of the matter.",Social Military Politics,
ZH_0128,C,出门看日头，上路看风头，打铁看火头,ZH,出门时先看天气情况，上路行走时要观察风向，打铁时要注意火候。意指做什么事情都要善于观察，见机行事。,"Before going out, check the weather; before setting off on a journey, observe the wind direction; when forging iron, mind the heat. In everything one does, one should be observant and act according to the circumstances.",Social Military Politics,
ZH_0129,C,出其不意，攻其不备,ZH,打仗要乘敌人意料不到、毫无防备的时候一举击破。,"In warfare, one should strike when the enemy least expects it and is completely unprepared.",Social Military Politics,
ZH_0130,C,川泽纳污，山岳藏疾,ZH,指川泽之所以博深，是因为能容纳污泥浊水；山岳之所以高峻，是因为它藏得住肮脏的东西。比喻国君应该胸襟宽广，能忍辱含垢，广开言路。,"Rivers and marshes are broad and deep because they can accommodate mud and foul water; mountains are tall and imposing because they can conceal blemishes within. A ruler should be broad-minded, tolerant of criticism and humiliation, and open to counsel from all sides.",Social Military Politics,
ZH_0131,C,穿青衣，抱黑柱,ZH,青衣：黑衣服。说明人应各为其主。,"""Qingyi"" means black clothing. This illustrates that each person should serve their own master loyally.",Social Military Politics,
ZH_0132,C,船有好舵手，不怕浪头高,ZH,只要有了好的带头人，再大的困难和风险也能克服。,"With a good leader, even the greatest difficulties and risks can be overcome.",Social Military Politics,
ZH_0133,C,船载万斤，掌舵一人,ZH,比喻不论做何事，带头人是最重要的。,"No matter what the undertaking, the leader is the most important factor.",Social Military Politics,
ZH_0134,C,春不到，花不开,ZH,春天不来，鲜花不会绽放。比喻时机不合适，事情就办不好。,"If spring does not arrive, flowers will not bloom. If the timing is not right, things cannot be done well.",Social Military Politics,
ZH_0135,C,慈不掌兵，义不主财,ZH,仁慈之入不能领兵作战，仁义之人不能掌管财务,"A person too kindhearted cannot command troops in battle, and a person too focused on righteousness cannot manage finances.",Social Military Politics,
ZH_0136,C,从来纨绔少伟男,ZH,纨绔：细绢做的裤子，借指富贵人家的子弟。少：少有。比喻富贵人家的子弟几乎没有能够承担重任或有所建树的。,"""Wanku"" refers to trousers made of fine silk, and by extension the sons of wealthy and noble families. ""Shao"" means rarely. Children of privilege and wealth rarely produce anyone who can shoulder great responsibilities or achieve anything of note.",Social Military Politics,
ZH_0137,C,重孙有理告太公,ZH,只要有理，辈分或地位低的人也能状告辈分或地位高的人。,"As long as one is in the right, a person of lower rank or status can bring a case against someone of higher rank or status.",Social Military Politics,
ZH_0138,C,村无大树，蓬蒿为林,ZH,村子里没有大树，就只能将蓬蒿野草当做树林。意思是没有杰出的人才，只能用平庸之人代替。,"If a village has no large trees, one can only regard weeds and wild grass as the forest. Without outstanding talent, one can only make do with mediocre people as substitutes.",Social Military Politics,
ZH_0139,C,存人失地，人地皆存；存地失人，人地皆失,ZH,打仗时，双方力量有悬殊时，保存兵力远比收复失地要重要。也指人才在任何时候都应该放在第一位置。,"When there is a great disparity in strength between the two sides in a war, preserving one's forces is far more important than recovering lost territory. Talent should always be given the highest priority.",Social Military Politics,
ZH_0140,C,错走一步棋，满盘皆是输,ZH,关键时刻的一点点失误，就会功亏一箦。,A single small mistake at a critical moment can cause an entire endeavor to fail.,Social Military Politics,
ZH_0141,D,打得一拳去，免得百拳来,ZH,先重击一下对方，避免他再度挑衅。也就是说，先给对方点颜色看看，让对方知道你的厉害，就可以避免对方多次重找麻烦。,"Strike the opponent hard first to prevent them from provoking you again. In other words, show the opponent your strength early on so they will think twice before causing trouble repeatedly.",Social Military Politics,
ZH_0142,D,打狗鸡上墙,ZH,打击这个人，使另外一个人也受到了惊吓。,"Strike one person, and another is frightened into submission.",Social Military Politics,
ZH_0143,D,打狗就不怕狗咬，杀猪就不怕猪叫,ZH,比喻想制伏对方，就不能担忧对方报复捣乱。,"If you want to subdue an opponent, you cannot be afraid of their retaliation.",Social Military Politics,
ZH_0144,D,打狗看主面,ZH,惩罚一个人要考虑到主子或与他有关的人的颜面。,"When punishing someone, one must consider the face and dignity of that person's master or those associated with them.",Social Military Politics,
ZH_0145,D,打狗看主人,ZH,惩罚一个人，要考虑到与他有某种关系的人的情面。,"When punishing someone, one must take into account the feelings of those who have a certain relationship with that person.",Social Military Politics,
ZH_0146,D,打狗如打狼,ZH,意指降伏普通的敌人时，也不能轻敌，要拿出对付最凶狠敌人的办法和力量。,"Even when dealing with an ordinary enemy, one must not be careless — one should bring the same effort and strategy used against the fiercest of foes.",Social Military Politics,
ZH_0147,D,打虎不着，反被虎伤,ZH,比喻没有除害，反而自己受到伤害。,"Instead of eliminating the threat, one ends up being harmed oneself.",Social Military Politics,
ZH_0148,D,打虎打头，杀鸡割喉,ZH,喻指处理问题只要抓住了关键就会迎刃而解。,"Once you seize the key to a problem, everything else falls into place with ease.",Social Military Politics,
ZH_0149,D,打虎还防虎伤人,ZH,意思是打击凶狠的敌人要小心防范敌人反扑。,"When striking a fierce enemy, one must be careful to guard against a counterattack.",Social Military Politics,
ZH_0150,D,打虎进深山，捕蛇下箐底,ZH,箐：竹木丛生的山谷。比喻办事情要找对门路。,"""Qing"" refers to a mountain valley thick with bamboo and trees. One must find the right approach to get things done.",Social Military Politics,
ZH_0151,D,打虎先拔牙,ZH,比喻要降服强敌，必须先消灭其最主要的依靠力量。,"To subdue a powerful enemy, one must first eliminate the main force on which that enemy depends.",Social Military Politics,
ZH_0152,D,打人不过先下手,ZH,意思是双方发生争斗时应先发制人。,"When a fight breaks out, the one who strikes first gains the advantage.",Social Military Politics,
ZH_0153,D,打人休打脸，骂人休揭短,ZH,与他人发生争斗时，应考虑到对方的颜面。又指要给他人留些脸面不要揭他人的短处。打人一拳，防人一脚防备敌人的回击。说明在进击敌人时，要谨防敌方反扑.,"When in conflict with another person, one should consider the other's dignity. One should also leave others some face and not expose their weaknesses. After throwing a punch, be ready to block a kick — when attacking the enemy, one must guard against a counterattack.",Social Military Politics,
ZH_0154,D,打蛇不死，自贻其害,ZH,打蛇没有打死它，就会自留祸害。,"If you strike a snake but fail to kill it, you leave trouble for yourself.",Social Military Politics,
ZH_0155,D,打蛇打七寸,ZH,七寸： 蛇的要害之处。比喻降敌得攻其要害，做事得抓住关键。,"""Seven inches"" refers to the vital spot of a snake. To defeat an enemy, one must attack the critical weakness; to accomplish anything, one must seize the key point.",Social Military Politics,
ZH_0156,D,打蛇先打头,ZH,打蛇要先打靠近蛇头部的方位。意思指与敌人交战时要先攻其要害。,"When striking a snake, aim first near its head. When engaging an enemy, attack the most vital point first.",Social Military Politics,
ZH_0157,D,打蛇先打头，擒贼先擒王,ZH,指要想降服敌人，先要擒拿他们的领头人。,"To subdue the enemy, first capture their leader.",Social Military Politics,
ZH_0158,D,打死胆大的，吓死胆小的,ZH,惩治胆大的，胆小的自然会收敛。,"Punish the bold offender, and the timid ones will naturally restrain themselves.",Social Military Politics,
ZH_0159,D,打死阎王，吓死小鬼,ZH,比喻镇压首恶，帮凶就不会胡作非为。,"Suppress the ringleader, and the accomplices will no longer dare to act recklessly.",Social Military Politics,
ZH_0160,D,打天下时靠人才创业，坐天下时用奴才享乐,ZH,古时指打天下需要有志之士的帮助，坐天下则需要奴才逢迎侍奉。,"In ancient times, conquering the realm required the help of ambitious and capable people, but ruling the realm required obedient servants to attend and flatter.",Social Military Politics,
ZH_0161,D,打铁要趁热，治病要趁早,ZH,办事要把握合适的时机，及时采取行动。,One must seize the right moment and act in a timely manner.,Social Military Politics,
ZH_0162,D,打一巴掌揉三揉,ZH,比喻软硬兼施，先使其受挫，再示以扰慰。换句话说，先打击敌方，杀去威风，让敌方服输了，然后再拉拢他。,"Use both hard and soft tactics — first deal a blow to break their spirit, then extend a gesture of goodwill. In other words, first strike the enemy and humble them into submission, then win them over.",Social Military Politics,
ZH_0163,D,大虫吃小虫,ZH,意思指力强的人欺负弱小的人。,The strong bully the weak.,Social Military Politics,
ZH_0164,D,大虫欺小虫，蚱蜢欺蝗虫,ZH,比喻强势的人总是欺凌弱小的人。,Those who hold power always oppress the powerless.,Social Military Politics,
ZH_0165,D,大胆天下去得，小心寸步难行,ZH,胆大的人能够闯天下走四方，胆小怕事的人却迈不开笫一步。劝诫人做事情不要前怕狼后怕虎，过分谨慎小心。,"The bold can venture forth and conquer the world, while the timid cannot even take the first step. One should not be overly cautious, fearing danger at every turn.",Social Military Politics,
ZH_0166,D,大盗沿街走，无赃不定罪,ZH,没有赃物作证据，就不能随便给比喻他人定罪名。,"Without stolen goods as evidence, one cannot casually convict another person.",Social Military Politics,
ZH_0167,D,大佛三百五，各有成佛路,ZH,比喻每个人做事有每个人的办法手段。,Every person has their own way of doing things.,Social Military Politics,
ZH_0168,D,大缸里打翻了油，沿路儿拾芝麻,ZH,意指丢弃大的捡拾小的，得不偿失。,Discarding something large to pick up something small is a losing bargain.,Social Military Politics,
ZH_0169,D,大官不要钱，不如早归田；小官不索钱，儿女无姻缘,ZH,指古时不论官职大小，官员都要榨取百姓的血汗钱。,"In ancient times, officials of every rank, high or low, would squeeze the common people for their hard-earned money.",Social Military Politics,
ZH_0170,D,大家马儿大家骑,ZH,比喻大家的东酉，大家应当共同享用。,What belongs to everyone should be shared and enjoyed by everyone.,Social Military Politics,
ZH_0171,D,大奸似忠，大诈似信,ZH,奸佞诡诈的人，往往装出忠诚老实的模样。,Treacherous and deceitful people often put on an appearance of loyalty and honesty.,Social Military Politics,
ZH_0172,D,大将保明主，俊鸟登高枝,ZH,比喻优秀的人才愿意到最能发挥自己才华的地方去施展才能。,Outstanding talent gravitates to the place where it can best be put to use.,Social Military Politics,
ZH_0173,D,大将无能，累死三军,ZH,做领导的如果没有才干，人们就会跟着受苦受累。,"When those in charge lack ability, everyone under them suffers.",Social Military Politics,
ZH_0174,D,大将压后阵,ZH,指将军不需要在前线冲锋陷阵，只要在后边压阵指挥就可以了,A general does not need to charge into the front lines; it is enough to command and hold the rear.,Social Military Politics,
ZH_0175,D,大里不见小里见,ZH,指只看见小处，看不到大处，眼光短浅。,Seeing only the small picture while missing the big one — this describes a person of narrow and short-sighted vision.,Social Military Politics,
ZH_0176,D,大难不死，必有后福,ZH,古时的观念认为遭遇了大灾难而不死，日后一定会有所作为。,The ancient belief held that a person who survives a great calamity is destined to accomplish great things in the future.,Social Military Politics,
ZH_0177,D,大能掩小，海纳百川,ZH,意思是人的气量大，胸怀广阔能宽容人。,A person of great magnanimity and broad mind can be tolerant and forgiving of others.,Social Military Politics,
ZH_0178,D,大屈必有大伸,ZH,遭遇过重大冤屈的人必定有申冤及施展抱负的机会。,One who has suffered a grave injustice will surely have the chance to clear their name and fulfill their ambitions.,Social Military Politics,
ZH_0179,D,大人不记小人过,ZH,指地位高的人不会念叨地位低的人犯的过错。,A person of high status does not dwell on the faults of those beneath them.,Social Military Politics,
ZH_0180,D,大事不可谋于书生,ZH,古时认为读书人固执迂腐，优柔寡断，不能够与之共谋大事。,"In ancient times, it was believed that scholars were stubborn, pedantic, and indecisive, and therefore unfit to be consulted on important undertakings.",Social Military Politics,
ZH_0181,D,大树不摇，鸟巢自安,ZH,比喻只要有靠山在，附庸者自然平安无事。,"As long as the great tree stands, those sheltered beneath it will naturally be safe and sound.",Social Military Politics,
ZH_0182,D,大树底下好乘凉,ZH,大树底下树荫多，是乘凉的好地方。意思是有长辈或有权势者的庇护，就能过上好日子。,"Under a great tree there is ample shade — a fine place to cool off. With the protection of an elder or a person of power, one can live comfortably.",Social Military Politics,
ZH_0183,D,大树底下好遮阴,ZH,1，遮阴面积大的树下是乘凉的好地方。2，比喻有大的势力作垫后，办事就容易。,"First, a tree with broad shade is a good place to rest. Second, with a powerful backer behind you, everything becomes easier to accomplish.",Social Military Politics,
ZH_0184,D,大树之下，草不沾霜,ZH,大树下面的小草由于有树叶的遮挡霜打不到。意思指在有权势者的保护下不会受到侵害。,"The grass beneath a great tree is shielded from frost by the canopy of leaves. Under the protection of the powerful, one will not be harmed.",Social Military Politics,
ZH_0185,D,大水未到先治坝，休到河边再脱鞋,ZH,在问题浮现之前，就要想好对付的措施。,"Before problems surface, one should already have countermeasures in mind.",Social Military Politics,
ZH_0186,D,大水淹了龙王庙，一家人不认识一家人,ZH,龙王管水，自己的庙却被水淹没。意谓一家人之间产生误会或内部出现矛盾冲突。,"The Dragon King governs the waters, yet his own temple gets flooded. This refers to misunderstandings or conflicts arising within one's own family or organization.",Social Military Politics,
ZH_0187,D,大王好见，小鬼难当,ZH,阎罗王容易见，小鬼最难缠。意谓首领往往好说话，而其手下的人常常不好对付。,"The King of Hell is easy to deal with, but his petty demons are the real nuisance. The person at the top is often reasonable, while those beneath them are the ones who are difficult to handle.",Social Military Politics,
ZH_0188,D,大象口里拔生牙,ZH,从大象嘴里拔牙。意谓触犯势力强大的人。,Pulling a tooth from an elephant's mouth — this means provoking or offending someone of great power.,Social Military Politics,
ZH_0189,D,带箭野猪猛于虎，老鼠急时会咬人,ZH,比喻受到重创后的敌人，为了逃命，会凶悍无比，因此要谨慎小心严加防范。,"An enemy that has been gravely wounded becomes ferociously desperate in its attempt to escape, and therefore one must be especially vigilant and cautious.",Social Military Politics,
ZH_0190,D,逮个雀儿还得丢把米,ZH,比喻只有付出一定的代价才能如愿以偿。,Only by paying a certain price can one get what one wishes for.,Social Military Politics,
ZH_0191,D,胆小不得将军做,ZH,胆小怕事的人不足以领兵打仗。,A person who is timid and fearful is not fit to lead troops into battle.,Social Military Politics,
ZH_0192,D,当差的官面上看气，行船的看风使篷,ZH,下级要看上级的脸色行事，就好比行船时要见风使舵一样。,"A subordinate must read the superior's mood and act accordingly, just as a boatman adjusts the sails to the wind.",Social Military Politics,
ZH_0193,D,当官不为民做主，不如回家卖红薯,ZH,当官就要给为民办事，否则不如辞官回家。,"If you hold office, you should serve the people; otherwise, you might as well resign and go home.",Social Military Politics,
ZH_0194,D,当官的动动嘴，当兵的跑断腿,ZH,上级领导一句话，属下就忙得团团转。常用来讽刺官僚主义作风。,A single word from a superior sends all the subordinates scrambling. This is often used to satirize bureaucratic behavior.,Social Military Politics,
ZH_0195,D,当局者迷，旁观者清,ZH,指下棋的人容易糊涂，围观的人却反而看得一清二楚。也指当事人容易头脑发晕，考虑不周；局外人却头脑清醒，看得真切。,"The chess player easily gets confused, while the onlooker sees the game clearly. The person directly involved tends to lose perspective and think poorly, while an outsider, with a clear head, sees everything as it truly is.",Social Military Politics,
ZH_0196,D,当权若不行方便，如入宝山空手回,ZH,意指掌权的人如果为别人提供不了便利，就如同进了宝山又空手而归一样。,"If a person in power cannot offer any convenience or benefit to others, it is like entering a mountain of treasure and coming away empty-handed.",Social Military Politics,
ZH_0197,D,当堂不让父,ZH,公堂之上，即使是做父亲的也得秉公办事。指法不容私。,"In a court of law, even a father must handle matters impartially. The law allows no room for personal favoritism.",Social Military Politics,
ZH_0198,D,刀不离手，弓不离身,ZH,意思是每时每刻都处于高度的戒备状态。,To be in a state of the highest vigilance at every moment.,Social Military Politics,
ZH_0199,D,刀对刀，枪对枪,ZH,双方在冲突中针锋相对，格袼不入，拼得你死我活。,"The two sides are locked in fierce, unyielding confrontation — a fight to the death with neither giving an inch.",Social Military Politics,
ZH_0200,D,刀头争功，马背夺官,ZH,官位是靠作战立功谋取得到的。,Official rank is earned through military merit and distinguished service in battle.,Social Military Politics,
ZH_0201,D,到处灵山都有庙,ZH,灵山：佛祖居住的圣地，泛指佛地。比喻好人好事无处不在。,"""Lingshan"" is the sacred place where the Buddha resides, and by extension refers to any holy Buddhist site. Good people and good deeds can be found everywhere.",Social Military Politics,
ZH_0202,D,道高一尺，魔高一丈,ZH,"道：道行,指佛家修行的功夫。魔：魔罗的略称，佛教指破坏修行的恶魔，如烦恼、疑惑、迷恋等。本为佛家语，告诫修行者必须小心世俗的诱惑。比喻取得成功之后，前进的道路上可能会有更大的拦路虎。也比喻总有压倒或打败对方的一着。还比喻正义总能打败邪恶。","""Dao"" refers to the level of spiritual cultivation in Buddhism. ""Mo"" is short for ""Moluó,"" meaning the evil demons in Buddhism that obstruct spiritual practice — such as vexation, doubt, and worldly attachment. Originally a Buddhist term warning practitioners to guard against worldly temptation. It is used figuratively to mean that after achieving success, even greater obstacles may lie ahead on the road forward. It also means that for every powerful move, there is always a counter-move. It further illustrates that justice will always triumph over evil.",Social Military Politics,
ZH_0203,D,得道者昌，失道者亡,ZH,符合道义的人昌盛，违背道义的人衰亡。,Those who follow righteousness will prosper; those who defy it will perish.,Social Military Politics,
ZH_0204,D,得理不饶人,ZH,指自己有理就不愿让步。,"When one is in the right, one refuses to yield.",Social Military Politics,
ZH_0205,D,得了便宜还卖乖,ZH,占便宜了，还要卖弄自己的小聪明。意思是既得到了好处，又把话说得冠冕堂皇。,"Having already taken the advantage, one still shows off one's cleverness — gaining the benefit while making it all sound perfectly noble and justified.",Social Military Politics,
ZH_0206,D,得民心者得天下,ZH,在政权的夺取中，得到人们真心拥护的一方就能夺得政权。,"In the struggle for political power, the side that wins the genuine support of the people will prevail.",Social Military Politics,
ZH_0207,D,得民者昌，失民者亡,ZH,得民心者昌盛，失民心者衰亡。指民心向背是决定兴亡的关键因素。,Those who win the hearts of the people will flourish; those who lose them will fall. The allegiance of the people is the decisive factor in determining rise or ruin.,Social Military Politics,
ZH_0208,D,得趣便抽身,ZH,指得到好处随即就得溜走，不能沉湎其中。比喻做事要知足，要适可而止，该抽身时就抽身，功成身退。,"Once you have gained the advantage, you should withdraw promptly and not linger. One should know when enough is enough, stop while ahead, and retire after success.",Social Military Politics,
ZH_0209,D,灯台照人不照己,ZH,比喻对别人的问题看得很透彻，但对自己就没有自知之明。,"One can see through other people's problems with great clarity, yet lacks self-awareness about one's own shortcomings.",Social Military Politics,
ZH_0210,D,地头文书铁箍桶,ZH,指地方官府权势比较大，判定的结论不容易改变。,"Local authorities wield considerable power, and their rulings are not easily overturned.",Social Military Politics,
ZH_0211,D,钉子碰着铁头,ZH,意指双方都十分强硬。,Both sides are equally unyielding and refuse to back down.,Social Military Politics,
ZH_0212,D,丢了拐杖就受狗的气,ZH,指手中没有木棍，狗就会来咬你。换句说话，人不能放弃自卫的权力，要不然就会受欺负。,"Without a stick in your hand, the dog will come and bite you. In other words, one must not give up the right to self-defense, or one will be bullied.",Social Military Politics,
ZH_0213,D,东山的老虎吃人，西山的老虎也吃人,ZH,喻指坏人的本质都是相同的。,All bad people share the same nature at heart.,Social Military Politics,
ZH_0214,D,东庄的土地到西庄不灵,ZH,比喻权力不在管辖范围之内就不起作用。,Authority has no effect outside its own jurisdiction.,Social Military Politics,
ZH_0215,D,动了太岁头上土，无灾也有祸,ZH,古时认为太岁之神在地，如果要动土，就得避开太岁的方位，要不然就会遭受祸害。意指触犯了有权势的人会遭受祸害。,"In ancient times, it was believed that the god Taisui resided underground, and anyone digging earth had to avoid his position or suffer calamity. This means that offending a powerful person will bring disaster upon oneself.",Social Military Politics,
ZH_0216,D,肚里没病死不了人,ZH,比喻做人只要磊落光明，什么诽谤也不用怕。,"As long as one is open and upright, one need not fear any slander.",Social Military Politics,
ZH_0217,D,肚里没冷病，不怕吃西瓜,ZH,比喻不做亏心事，就不担心外人的闲言碎语。也比喻自己行为正派不做坏事，就不担心外人的批评和议论。,"If one does nothing to trouble one's conscience, one need not worry about gossip from others. If one's conduct is upright and one commits no wrongdoing, one need not fear criticism or comment from outsiders.",Social Military Politics,
ZH_0218,D,对不识字人，莫作才语,ZH,跟不识字的人讲话，要避开文雅的话题。比喻说话要看对象，要因人而异。,"When speaking with an illiterate person, one should avoid literary or highbrow topics. One should tailor one's speech to the audience.",Social Military Politics,
ZH_0219,D,对牛弹琴，牛不入耳,ZH,用来讥笑说话不看对象的人。比喻讲话不看对象，对愚人讲深奥的道理就会毫无意义。,This is used to mock those who do not consider their audience when speaking. Expounding profound principles to someone who cannot understand them is utterly pointless.,Social Military Politics,
ZH_0220,D,多个香炉多个鬼,ZH,指多一件事物就多一些烦恼。,Every additional thing one acquires brings additional worries.,Social Military Politics,
ZH_0221,D,多里捞摸,ZH,指尽力多多获取。,Try to obtain as much as possible.,Social Military Politics,
ZH_0222,D,多龙多旱,ZH,指龙多了反而互相推诿，谁也不施雨。比喻人多了做事的效率反而会降低。,"When there are too many dragons, they pass the responsibility to one another and none brings rain. When there are too many people involved, efficiency actually decreases.",Social Military Politics,
ZH_0223,D,多算胜少算,ZH,多做谋划一定能胜过少做谋划的。也就是说，凡事应多考虑。,"More planning will always prevail over less planning. In all matters, one should think things through carefully.",Social Military Politics,
ZH_0224,D,多用兵不如巧用计,ZH,打仗靠的是计谋而不是人数，意指智取优于力取。,"Wars are won by strategy, not by numbers — outwitting the enemy is superior to overpowering them.",Social Military Politics,
ZH_0225,D,躲得和尚躲不得寺,ZH,指和尚能躲过，和尚住的寺院却躲不过。也指出现了问题，当事人逃了，但事体依然还在。即无论如何也逃脱不掉。换句话说，虽然暂时可以逃避，但最终还是得面对。,"The monk can hide, but the temple cannot. When trouble arises, the person involved may flee, but the matter itself remains. There is ultimately no escape. Although one may avoid something temporarily, one must face it in the end.",Social Military Politics,
ZH_0226,E,恶狗怕揍，恶人怕斗,ZH,指恶人都欺软怕硬，要敢于同恶人斗争到底。,Evil people bully the weak and fear the strong — one must dare to fight them to the very end.,Social Military Politics,
ZH_0227,E,恶虎难斗肚里蛇,ZH,意思是再凶猛的老虎也打不过钻进肚子里的蛇。比喻内部的对手是心腹之患，是最难对付的。,"No matter how fierce a tiger may be, it cannot defeat a snake that has burrowed into its belly. Internal enemies are the most dangerous, for they are the hardest to guard against.",Social Military Politics,
ZH_0228,E,恶马恶人骑,ZH,比喻恶人会有更凶恶的人来制伏他。,"For every wicked person, there is someone even more ruthless who will bring them to heel.",Social Military Politics,
ZH_0229,E,饿急了吃五毒，渴急了喝盐卤,ZH,五毒：旧时称蝎子，蛇、壁虎、蜈蚣和蜘蛛为五种毒虫。比喻遇到急事便由不得自己选择。,"The ""five venomous creatures"" in old times referred to scorpions, snakes, geckos, centipedes, and spiders. When faced with an urgent matter, one has no luxury of choice.",Social Military Politics,
ZH_0230,E,饿了来馒头，困了遇枕头,ZH,指所希望的所需要的，得到了满足或实现。,What one hopes for and needs has been fulfilled or realized.,Social Military Politics,
ZH_0231,F,罚不择骨肉，赏不避仇雠,ZH,骨肉：指父母、兄弟、子女等亲人。雠：对手，仇雠即仇人。惩罚的时候，不考虑是否是亲人；奖赏的时候，不考虑是否是仇人。指赏罚应一视同仁，不分亲疏远近。,"""Flesh and bone"" refers to parents, siblings, children, and other close kin. ""Chóu"" means adversary or enemy. When meting out punishment, one does not consider whether the person is a relative; when bestowing rewards, one does not consider whether the person is a foe. Rewards and punishments should be applied impartially, without regard to closeness or distance of relationship.",Social Military Politics,
ZH_0232,F,法不责众,ZH,意谓法律不能制裁大多数人，只能制裁少部分人。,The law cannot punish the majority — it can only punish the few.,Social Military Politics,
ZH_0233,F,法律不能松，松了乱哄哄,ZH,意谓建立健全的法制十分重要要不然社会秩序就会混乱。,"Establishing a sound legal system is of the utmost importance; otherwise, social order will descend into chaos.",Social Military Politics,
ZH_0234,F,法网恢恢，疏而不漏,ZH,天道的祛网，看起来虽然稀疏，但实际上不会漏掉任何一个作恶多端的人。比喻作恶者终究会受制于法。,"The net of Heaven's justice appears loose and wide-meshed, yet in truth it lets no evildoer slip through. Those who commit evil will ultimately be brought to justice.",Social Military Politics,
ZH_0235,F,法无全利,ZH,指法令难以完美无缺。,Laws and statutes can never be entirely flawless or perfect.,Social Military Politics,
ZH_0236,F,法无三日严，草是年年长,ZH,执法经常是开始严格后来松懈罪犯却往往像青草一样不断滋生。,"Law enforcement is often strict at first but grows lax over time, while criminals keep springing up endlessly like wild grass.",Social Military Politics,
ZH_0237,F,法正天心顺，官清民自安,ZH,执法公正，老天也会顺应；为官清廉，百姓自然平安无事。,"When the law is enforced justly, Heaven itself responds favorably; when officials are incorruptible, the people naturally live in peace.",Social Military Politics,
ZH_0238,F,法字没多重，万人抬不动,ZH,法律制度庄严神圣，不可动摇，无论是谁都必须遵守。,"The legal system is solemn and sacred, unshakable — everyone, without exception, must abide by it.",Social Military Politics,
ZH_0239,F,防虎容易防鬼难,ZH,指暗中陷害人比猛虎害人还不容易防范。,A person who harms others in secret is even harder to guard against than a man-eating tiger.,Social Military Politics,
ZH_0240,F,防君子不防小人,ZH,指不论什么制度和措施对那些一心作乱的小人来说，都很难有约束力。,"No matter what system or measure is put in place, it is nearly impossible to restrain those petty villains who are bent on making trouble.",Social Military Politics,
ZH_0241,F,放长线，钓大鱼,ZH,把渔竿上的线放得长长的，期望可以钓到大鱼。意指策划周密，引出深藏的、关键的敌人，以求更大的收获。,"Let the fishing line out long, in hopes of catching a big fish. This means to plan carefully and patiently, drawing out a deeply hidden and critical enemy in order to achieve a greater gain.",Social Military Politics,
ZH_0242,F,放虎归山，必成大害,ZH,意指放走了强敌，日后必然会造成大祸患。,Letting a powerful enemy escape will inevitably lead to great disaster in the future.,Social Military Politics,
ZH_0243,F,飞沙再大也遮不住牧人的眼睛,ZH,风沙再大也遮挡不了牧人灵敏的双眼。意指政治目光锐敏的人有能力分辨清楚错综复杂的问题。,"No matter how fierce the sandstorm, it cannot blind the keen eyes of the herdsman. A person with sharp political insight has the ability to see clearly through the most tangled and complex of situations.",Social Military Politics,
ZH_0244,F,非理之财莫取，非理之事莫为,ZH,指违背情理的钱财不可以获取，违背情理的事情不可以去做。,Money gained against reason and conscience should not be taken; deeds that violate propriety and justice should not be done.,Social Military Politics,
ZH_0245,F,肥水不流别人田,ZH,比喻不让别人沾自己的光。换句话说，好处或便宜不能让外人给白白得去了。,"Not letting others benefit from one's own advantage. In other words, one should not allow outsiders to freely enjoy benefits that belong to oneself.",Social Military Politics,
ZH_0246,F,风吹鸡蛋壳，财去人安乐,ZH,指没有钱财，人的生活反而会轻松。,"Without wealth, a person's life is actually lighter and more carefree.",Social Military Politics,
ZH_0247,F,风大伴墙走,ZH,指遇到大风，贴近墙根走。比喻遇到强敌，可暂时回避一下。,"When a great wind blows, walk close to the base of the wall. When facing a powerful enemy, one may temporarily step aside and avoid direct confrontation.",Social Military Politics,
ZH_0248,F,逢桥须下马，过渡莫争先,ZH,指过桥时要下马步行，渡河时不能争先上船。比喻外出行走要时刻注意安全，碰到危险要采取防范措施。,"Dismount when crossing a bridge; do not rush to board a boat when crossing a river. When traveling, one must always be mindful of safety and take precautions when encountering danger.",Social Military Politics,
ZH_0249,F,佛门虽大，难度无缘之人,ZH,度：僧尼引导俗人出家。没有佛缘的人不容易成为信徒。,"""Dù"" means for a monk or nun to guide a layperson into monastic life. A person without karmic affinity with the Buddha will not easily become a devotee.",Social Military Politics,
ZH_0250,F,扶不起的刘阿斗,ZH,刘禅虽然有诸葛亮的扶持，但仍没有保住刘备打下的江山。意指碌碌无为的庸人。,"Although Liu Shan had the support of Zhuge Liang, he still could not preserve the empire that Liu Bei had won. This refers to a mediocre and incompetent person who accomplishes nothing of value.",Social Military Politics,
ZH_0251,F,腐木不可以为柱，卑人不可以为主,ZH,不能用腐朽的木材做房屋的柱子，不能让地位低下的人来主事。指让卑微的人主事有可能坏事。,"Rotten wood cannot be used as a pillar for a house, and a person of low standing should not be put in charge of important affairs. Placing someone unfit in a position of authority may ruin everything.",Social Military Politics,
ZH_0252,F,妇女能顶半边天，离了妇女没吃穿,ZH,指妇女的能力和贡献与男子一样大，离开妇女很多事情办不成。,"Women's abilities and contributions are equal to those of men — without women, many things simply cannot be accomplished.",Social Military Politics,
ZH_0253,F,富贵不压乡里,ZH,指人富贵了，有了权势，不应该欺压自己的乡亲。,"When a person gains wealth and power, they should not use it to bully their own fellow villagers and neighbors.",Social Military Politics,
ZH_0254,G,干吃大鱼不费网,ZH,比喻没出力却捡了个大便宜。,"Not having contributed any effort, yet picking up a great bargain. This describes someone who profits without doing any work.",Social Military Politics,
ZH_0255,G,钢刀虽快，不斩无罪之人,ZH,指国家的法律虽然严格，但也不会处罚无罪之人。,"Although a nation's laws are strict, they will not punish an innocent person.",Social Military Politics,
ZH_0256,G,告人死罪得死罪,ZH,诬告别人犯死罪的人，自己也得死罪。意谓告状这种事责任重大，应当非常慎重。,One who falsely accuses another of a capital crime shall themselves receive the death penalty. Filing a lawsuit is a matter of grave responsibility and should be approached with the utmost caution.,Social Military Politics,
ZH_0257,G,鸽子向旺处飞,ZH,指鸽子愿意到人烟兴旺的地方去。比喻古时势利人都愿意攀附有钱有势的人。,"Pigeons prefer to go where there are thriving settlements. In ancient times, opportunistic people always sought to attach themselves to the wealthy and powerful.",Social Military Politics,
ZH_0258,G,隔行不隔理,ZH,行：行业。指行业不同，但道理一样、相通。换句话说，行业虽然不一样，但基本事理和规律却是相差无几的。,"""Háng"" means trade or profession. Though trades differ, the underlying principles are the same. In other words, although industries may vary, the fundamental logic and patterns are much alike.",Social Military Politics,
ZH_0259,G,个人事小，国家事大,ZH,指个人利益要服从国家利益。,Individual interests must be subordinated to the interests of the state.,Social Military Politics,
ZH_0260,G,各处各乡俗，一处一规矩,ZH,意思是不同的地方都有各自不同的风俗习惯和规矩。,"Different places each have their own distinct customs, habits, and rules.",Social Military Politics,
ZH_0261,G,各打各的算盘,ZH,每个人都在打自己的算盘。意指各人都在盘算各自的利益。,Everyone is working their own abacus. Each person is calculating their own interests.,Social Military Politics,
ZH_0262,G,各人洗面各人光,ZH,指各人做事各人自己受益。比喻自己动手做事，自己先受益。,Each person does their own work and reaps their own benefit. Do it yourself and you are the first to benefit.,Social Military Politics,
ZH_0263,G,耕牛无宿草，仓鼠有余粮,ZH,意指辛苦劳作却一无所有，不费力气却生活富裕。,"Those who toil bitterly have nothing, while those who exert no effort live in comfort.",Social Military Politics,
ZH_0264,G,公道不公道，自有天知道,ZH,意谓办事公正与否，无人知晓。,"Whether something is handled fairly or not, no one really knows.",Social Military Politics,
ZH_0265,G,公道自在人心,ZH,指不论什么事大家自有公正的评判。换句话说，公正的道理本身就在大家的心里，是非曲直自有公论。,"The public will always render a fair judgment on any matter. In other words, the sense of justice resides in everyone's heart, and right and wrong will ultimately be determined by public opinion.",Social Military Politics,
ZH_0266,G,公门好修行,ZH,古时认为在衙门中干事的人容易行善。,"In ancient times, it was believed that those who worked in government offices had easy opportunities to do good deeds.",Social Military Politics,
ZH_0267,G,公人见钱，如蝇见血,ZH,差役看见老百姓手里的财物，就像苍蝇看见血一样。意指古时的差吏敲诈勒索百姓，贪婪成性。,"Government runners eye the common people's possessions the way flies are drawn to blood. In ancient times, petty officials extorted the populace and were insatiably greedy.",Social Military Politics,
ZH_0268,G,公生明，廉生威,ZH,公正才能廉明，廉洁才会有威望。意思是做官应该公正廉洁。,"Fairness leads to integrity, and integrity earns respect. An official should be just and incorruptible.",Social Military Politics,
ZH_0269,G,公则民不敢慢，廉则吏不敢欺,ZH,公正，老百姓就不敢怠慢；廉洁，属吏就不敢欺诈。指做官一定要清正廉洁。,"When an official is fair, the people dare not be negligent; when an official is clean, subordinates dare not cheat. One who holds office must be upright and incorruptible.",Social Military Politics,
ZH_0270,G,公众马，公众骑,ZH,大家的马，大家都有权力骑。意指公共财物大家都可以享用。,A communal horse may be ridden by all. Public property may be enjoyed by everyone.,Social Military Politics,
ZH_0271,G,功者难成而易败，时者难得而易失,ZH,建功立业困难而失败却很容易，抓住机会艰难而失去机会更容易。,Achieving success is difficult while failure comes easily; seizing opportunity is hard while losing it is effortless.,Social Military Politics,
ZH_0272,G,攻其不备，出其不意,ZH,敌人毫无防备时进攻，敌人预料不到时出击。,Attack when the enemy is unprepared; strike when the enemy least expects it.,Social Military Politics,
ZH_0273,G,恭敬不如从命,ZH,恭敬谦让，不如服从。意指在别人赠送礼物或请去吃饭时，应以听从主人的意见最好。,"Rather than being overly polite and deferential, it is better simply to comply. When someone offers a gift or extends an invitation, the best course is to graciously accept the host's wishes.",Social Military Politics,
ZH_0274,G,狗肉上不得台盘，稀泥巴糊不上壁,ZH,指狗肉档次不高，上不了宴席；稀泥不够黏，糊不到墙壁上。比喻素质低的人不值得抬举或见不了世面。,Dog meat is too lowly for a banquet table; thin mud is too weak to stick to a wall. A person of poor quality cannot be elevated or presented in polite society.,Social Military Politics,
ZH_0275,G,姑口烦而妇耳顽,ZH,姑：此处指婆婆。妇：此处指儿媳。指婆婆的嘴如果整天唠叨个不停，媳妇的耳朵也就听腻了。也比喻如果领导说话太絮烦了，属下就会充耳不阐。,"""Gū"" here refers to the mother-in-law; ""fù"" refers to the daughter-in-law. If the mother-in-law nags endlessly, the daughter-in-law's ears grow numb to it. Likewise, if a leader talks too much, subordinates will simply stop listening.",Social Military Politics,
ZH_0276,G,关公面前耍大刀,ZH,关公为武将，在他眼前耍弄大刀肯定是自不量力。意指在行家面前卖弄本领，班门弄斧。,"Guan Gong was a great warrior — to brandish a broadsword before him is sheer overconfidence. This means showing off one's skills before a master, like playing an axe before Lu Ban's door.",Social Military Politics,
ZH_0277,G,关节不到，有阎罗包老,ZH,关节：指古时暗中行贿买通官吏。阎罗：迷信者称之为管地狱的神。包老：包拯，北宋丞相。指包公立场刚毅，为官清正，关节也买不通。,"""Guānjié"" refers to secretly bribing officials in ancient times. ""Yánluó"" is the god said to rule the underworld. ""Bāo Lǎo"" is Bao Zheng, the Northern Song chancellor. Bao Zheng was so firm in principle and upright in office that no bribe could ever sway him.",Social Military Politics,
ZH_0278,G,官逼民反，民不得不反,ZH,古时认为官府腐败，逼得老百姓无路可投，只能群起反抗。,"In ancient times, it was believed that when the government became so corrupt that the common people had nowhere to turn, they had no choice but to rise up in rebellion.",Social Military Politics,
ZH_0279,G,官逼民反民自反，君正臣廉民自安,ZH,指官府逼迫压榨，把老百姓都逼上了死路，老百姓就会起来反抗；国君清明公正，大臣们都廉洁奉公，老百姓就会安居乐业。,"When the government oppresses and squeezes the people until they have no way out, the people will revolt. When the sovereign is wise and just and officials are clean and dutiful, the people will live and work in peace and contentment.",Social Military Politics,
ZH_0280,G,官不差病人,ZH,做官的不差遣身体不适的人外出办事。意指在工作上要适当考虑身体不好的人的处境。,An official does not send an ailing person out on errands. One should give due consideration to those in poor health when assigning work.,Social Military Politics,
ZH_0281,G,官不打顺民,ZH,指做官的人不会威逼已经顺从了的老百姓。,An official does not coerce people who have already submitted and complied.,Social Military Politics,
ZH_0282,G,官不离印，货不离身,ZH,做官的官印不能脱手，做生意的货物不能离身。意指必须看管好自己借以谋生的物品。,An official must not let go of their seal of office; a merchant must not be separated from their goods. One must guard carefully whatever one depends upon for a livelihood.,Social Military Politics,
ZH_0283,G,官不容针，私可容车,ZH,指如果按照国法办事，类似于小针般的违法行为也不能宽容；如果徇私舞弊，对再严重的犯法罪行也能网开一面。讽喻古时官吏大多贪赃受贿，私情大于国法。比喻官场中办事没有通融的余地，人们私下交涉变通的可能性却更大。,"If matters are handled strictly by national law, even the slightest infraction cannot be pardoned; if personal connections are used, even the gravest crime can be overlooked. This satirizes how ancient officials mostly accepted bribes and let private relations override the law. In official channels there is no room for flexibility, yet through back channels almost anything can be negotiated.",Social Military Politics,
ZH_0284,G,官不容针，私通车马,ZH,意指官府依法办事，极小的违法之举也不能容许；私下办事，再严重的违法行为都能通融。,"When the government enforces the law, even the smallest violation cannot be tolerated; when matters are handled privately, even the most serious offenses can be accommodated.",Social Military Politics,
ZH_0285,G,官不如管,ZH,指官职再大也比不上直接经管的人权力大。,"No matter how high one's official rank, it cannot compare to the power of the person who directly manages the matter at hand.",Social Military Politics,
ZH_0286,G,官不贪财，兵不怕死,ZH,当官的不贪图钱财，其手下的士兵就不畏惧死亡。意指做领导的人要起到身先士卒的表率作用。,"When those in command are not greedy for money, the soldiers beneath them will not fear death. Leaders must set an example by leading from the front.",Social Military Politics,
ZH_0287,G,官不修衙，客不修店,ZH,为官的不修理衙门，住店的客人不整理店房。意思是苟且度日，没有长远规划。,"Officials do not repair their offices, and inn guests do not tidy their rooms. This describes a mentality of muddling through without any long-term planning.",Social Military Politics,
ZH_0288,G,官差不自由,ZH,为公家办事，不能自己说了算。意指做事情要服从上级的安排。,"When handling public affairs, one cannot make decisions unilaterally. One must follow the arrangements of one's superiors.",Social Military Politics,
ZH_0289,G,官差吏差，来人不差,ZH,意指不管官差有多大差错，被差遣来办事的人本身是没有过错的。官大一品压死人指古时官职大的官吏可以借助手中权力欺压下级。,"No matter how great the error of an official order, the messenger who carries it out bears no fault. A superior who outranks you by even one grade can crush you — in ancient times, higher-ranking officials could use their power to oppress their subordinates.",Social Military Politics,
ZH_0290,G,官大一等，理长一分,ZH,指古时官职越高的人，越是飞扬跋扈，目中无人。,"In ancient times, the higher one's official rank, the more arrogant and overbearing one became, regarding no one as an equal.",Social Military Politics,
ZH_0291,G,官大一品压死人,ZH,指古时官职大的官吏可以借助手中权力欺压下级。,Officials of higher rank could use the power in their hands to oppress those below them.,Social Military Politics,
ZH_0292,G,官断十条路,ZH,官：指衙门官吏。断：决断，判定案子。十：众多的意思。指官府审案有多种方法。比喻官员判定官司，需要迎合相关上司的意图。这是旧官吏遵守的官场规则，也是古时造成冤假错案的主要原因。,"""Guān"" refers to government officials. ""Duàn"" means to render judgment on a case. ""Shí"" here means many or various. The government has many methods for trying cases. Officials deciding lawsuits must cater to the intentions of their relevant superiors. This was the unwritten rule officials followed, and it was also the main cause of unjust and wrongful verdicts in ancient times.",Social Military Politics,
ZH_0293,G,官法不容情,ZH,指国家的法律容不得讲任何的情面。,The law of the land allows no room for personal sentiment or favoritism.,Social Military Politics,
ZH_0294,G,官风正，民风清,ZH,意指为官的清正廉洁，社会风气就会清明。,"When those in office are upright and incorruptible, the moral atmosphere of society will be clear and bright.",Social Military Politics,
ZH_0295,G,官府不打送礼人,ZH,即使是官府也不会殴打为他送礼的人。泛指不应该令淡对自己示好的人。,Even a government office would not beat someone who comes bearing gifts. One should never mistreat those who show goodwill toward oneself.,Social Military Politics,
ZH_0296,G,官凭文书私凭约,ZH,无论做什么事都应该有一定的文字凭证。,"Whatever one does, there should always be written documentation as proof.",Social Military Politics,
ZH_0297,G,官清民自安，法正天心顺,ZH,一个国家当官的如果清正廉洁法律严正，老百姓就能够顺心安定。,"When a nation's officials are upright and its laws are strictly enforced, the common people can live in peace and contentment.",Social Military Politics,
ZH_0298,G,官情如纸薄,ZH,古时认为官场势利，容不得讲人情。,"In ancient times, it was believed that officialdom was driven by self-interest and left no room for personal sentiment.",Social Military Politics,
ZH_0299,G,官事随时变,ZH,意思是在官场上办事，要学会随时事的变化而改变自己的计划。,"In the world of officialdom, one must learn to adapt one's plans as circumstances change.",Social Military Politics,
ZH_0300,G,官土打官墙,ZH,公家的土砌公家的墙。意指公款办公事，专款专用。,Public clay builds the public wall. Public funds should be used for public business — earmarked money for earmarked purposes.,Social Military Politics,
ZH_0301,G,官无三日紧,ZH,古时官场办案经常是前紧后松，草率了事。,"In ancient times, official cases were often handled with initial urgency that quickly tapered off, ending in a hasty and perfunctory conclusion.",Social Military Politics,
ZH_0302,G,官刑好过，私刑难挨,ZH,意思是古时私设公堂所用的刑罚要比官府的刑罚残酷很多，无法让人忍受。,"In ancient times, the punishments inflicted in private, extralegal courts were far more cruel and unbearable than those of the official government.",Social Military Politics,
ZH_0303,G,官中无人，不如归田,ZH,指官场中若没有有权势的人作靠山，就做不长官。,"In officialdom, without a powerful patron to back you, you will not remain in office for long.",Social Military Politics,
ZH_0304,G,光棍不吃眼前亏,ZH,光棍：方言，聪明人。指聪明人在形势不利时要妥协让步。换句话说，聪明人在处于劣势的情况下暂时妥协让步，应该先避免吃眼前亏，然后另谋对策。,"""Guānggùn"" is a dialectal term for a clever person. A clever person knows when to compromise and yield in unfavorable circumstances. In other words, a smart person in a position of weakness will temporarily concede to avoid immediate loss, and then devise a new strategy.",Social Military Politics,
ZH_0305,G,归师勿掩，穷寇莫追,ZH,意思是对败退的敌人不要袭击，对无路可退的残敌不要往死里追赶，谨防其反扑，做垂死挣扎。,Do not attack a retreating enemy; do not pursue a cornered remnant force to the death. Beware of their desperate counterattack in a final struggle for survival.,Social Military Politics,
ZH_0306,G,贵人多忘事,ZH,地位高的人不记得琐碎小事多用作客套或奉承话。,A person of high status does not remember trivial matters. This is often used as a polite or flattering expression.,Social Military Politics,
ZH_0307,G,贵人抬眼看，定是福星临,ZH,指有地位高的人鼎力相助，好运肯定当头。,"With the strong support of a person of high standing, good fortune is sure to come your way.",Social Military Politics,
ZH_0308,G,贵足踏贱地,ZH,意指有身份的、地位高的人光临无身份的、地位低下者的住处。多用作迎宾语句。,A person of high status and distinction graces the humble dwelling of one of low position. This is often used as a welcoming expression for honored guests.,Social Military Politics,
ZH_0309,G,锅里添水，不如釜底抽薪,ZH,"釜：古时的炊事用具,类似于现在的锅。薪：柴火。想要不让水沸腾，用往锅里加水的手段，还不如撤走锅底下的柴火。比喻解决问题要从根本上下手。","""Fǔ"" is an ancient cooking vessel similar to a modern pot. ""Xīn"" means firewood. If you want to stop water from boiling, adding more water to the pot is less effective than removing the firewood beneath it. To solve a problem, one must address it at its root.",Social Military Politics,
ZH_0310,G,国家多难之秋，壮士用命之时,ZH,指国家多灾多难之时，有志之士应敢于为国家献身献策。,"When the nation faces multiple disasters and hardships, people of aspiration should dare to sacrifice themselves and offer their counsel for the country.",Social Military Politics,
ZH_0311,G,国家将兴，必有祯祥；国家将亡，必有妖孽,ZH,祯祥：吉祥的征兆。妖孽：妖魔孽障，泛指怪异不祥的事物。国家将要兴旺发达，必定会有吉祥的征兆；国家将要衰败灭亡，必定会有怪异不祥的事情发生。比喻重大的事故出现之前都有特定的征兆。,"""Zhēnxiáng"" means auspicious omens. ""Yāoniè"" means demons and calamities, broadly referring to strange and inauspicious phenomena. When a nation is about to prosper, there will surely be auspicious signs; when a nation is about to decline and fall, there will surely be strange and ominous events. Major catastrophes always have specific forewarnings before they occur.",Social Military Politics,
ZH_0312,G,国家兴亡，匹夫有责,ZH,意思是国家的兴旺衰败或灭亡，人人都有责任。,"The rise, decline, or fall of a nation is every person's responsibility.",Social Military Politics,
ZH_0313,G,国家有难思良将，人到中年望子孙,ZH,指国家有了外患内乱便指望有良将出来平息；人到中年便盼望有子孙来传宗接代。古时的观念为无后是一大不孝。,"When a nation faces external threats and internal disorder, it looks to capable generals to restore peace; when a man reaches middle age, he hopes for descendants to carry on the family line. In ancient thinking, having no heir was considered a great act of filial impiety.",Social Military Politics,
ZH_0314,G,国将兴，听于民；国将亡，听于神,ZH,指处处考虑到人民的意愿，国家就能兴旺发达；处处听从神灵摆布，国家就会衰败灭亡。,"If a government considers the will of the people in all things, the nation will prosper; if it follows only the dictates of superstition and spirits, the nation will decline and perish.",Social Military Politics,
ZH_0315,G,国君死社稷,ZH,"社稷：社,土神;稷：谷神。古代君王祭祀社稷，随后便以""社稷""措代国家。指国君有理由为国家而死。","""Shèjì"" — ""shè"" is the god of earth; ""jì"" is the god of grain. Ancient rulers offered sacrifices to these deities, and thus ""shèjì"" came to stand for the nation itself. A ruler has just cause to die for the sake of the nation.",Social Military Politics,
ZH_0316,G,国难显忠臣,ZH,当国家遇到危难的时候，才能考验出哪个人是真正的忠臣。,Only when the nation faces peril can one truly identify who is a loyal minister.,Social Military Politics,
ZH_0317,G,国强民不受辱，民强国不受侮,ZH,只有国家强大了，人们才不会受到侮辱；人们能自强奋进，国家就可以避免受到欺侮。,"Only when the nation is strong will its people not be humiliated; when the people strive for self-improvement, the nation can avoid being bullied.",Social Military Politics,
ZH_0318,G,国危思良将，世乱念忠臣,ZH,指国家遇到危难、社会出现动乱的时候，迫切需要良将忠臣来平定动乱、治理国家。泛指在遇到困难之时，才意识到急需忠心耿耿能办事的忠臣。,"When the nation is in danger and society is in turmoil, there is an urgent need for capable generals and loyal ministers to quell the disorder and govern the country. In general, it is only when difficulties arise that one realizes how desperately loyal and capable servants are needed.",Social Military Politics,
ZH_0319,G,国无二主，天无二日,ZH,指国家不能有两个国君，就如天上不可以有两个太阳一样，要不然就会相互争斗，争权夺利，使天下大乱。,"A nation cannot have two sovereigns, just as the sky cannot have two suns — otherwise there will be rivalry and power struggles, plunging the realm into chaos.",Social Military Politics,
ZH_0320,G,国以民为本，民以食为天,ZH,对国家来讲，老百姓最重要；对老百姓来讲，吃饭最重要。意思是要关心老百姓的生活，尤其要关心老百姓的温饱问题。,"For the nation, the people are most important; for the people, food is most important. One must be concerned with the livelihood of the common people, especially the problem of ensuring they are fed and clothed.",Social Military Politics,
ZH_0321,G,国以民为根，民以谷为命,ZH,意谓国家的根本是老百姓，老百姓的命根子是粮食。,The foundation of a nation is its people; the lifeline of the people is grain.,Social Military Politics,
ZH_0322,G,国有国法，官有官体，狱有狱例,ZH,指一个国家，从上到下都必须有法律、规章或条例，用作规范人的行为，维护正常的社会秩序。,"From top to bottom, a nation must have laws, regulations, and statutes to govern people's behavior and maintain normal social order.",Social Military Politics,
ZH_0323,G,国有国法，家有家规,ZH,一个国家有一个国家的法律，一个家庭有一个家庭的规矩。指不管任何事都要遵守相关的规章守则。,"A nation has its laws; a family has its rules. In all matters, one must abide by the relevant regulations and codes.",Social Military Politics,
ZH_0324,G,国有王，家有主,ZH,指大到国家，小到家庭，都有管事的人。,"From the nation at the largest scale to the family at the smallest, there is always someone in charge.",Social Military Politics,
ZH_0325,G,过河卒子扫千军,ZH,卒子：象棋中最小的一个子。意思是勇往苴前的小兵具有很强的战斗力。,"""Zúzi"" is the smallest piece in Chinese chess. A foot soldier who charges forward bravely possesses formidable fighting power.",Social Military Politics,
ZH_0326,G,过河卒子扫千里,ZH,指只要指挥得力，普通的士兵也能威力无穷。,"As long as the command is effective, even ordinary soldiers can be invincible.",Social Military Politics,
ZH_0327,G,过了这个村儿，没有这个店儿,ZH,比喻错过了好机会，就不会再有这么好的机会了。,"Once a good opportunity is missed, such a fine chance will not come again.",Social Military Politics,
ZH_0328,H,海枯终见底，人死不知心,ZH,只有海水枯竭时，才能显露出海底。但一个人即便是死掉，也很难让他人了解到他生前心灵深处的故事。喻指人的心思难以揣测。,"Only when the sea dries up can its bottom be revealed. But even when a person dies, others can hardly know the deepest stories of their heart. The thoughts of a person are nearly impossible to fathom.",Social Military Politics,
ZH_0329,H,海上风多舟难行，世上官多不太平,ZH,风多浪大，船只颠簸难行；官多扰民，百姓得不到安宁。,"When winds are strong and waves are high, boats toss and cannot travel smoothly; when officials are too many and meddlesome, the common people find no peace.",Social Military Politics,
ZH_0330,H,海水可量，人不可量,ZH,指单从人的外表，不能估量他的身份和未来。,One cannot judge a person's identity or future merely from their outward appearance.,Social Military Politics,
ZH_0331,H,寒门出将相，草莽出英雄,ZH,古时认为将帅、宰相之类的栋粱之才常常出身贫寒,"In ancient times, it was believed that great generals and prime ministers — pillars of the state — often came from humble origins.",Social Military Politics,
ZH_0332,H,寒门生贵子，白屋出公卿,ZH,指穷苦人家往往出达官贵人。,Illustrious officials and nobles often emerge from poor and lowly households.,Social Military Politics,
ZH_0333,H,韩信将兵，多多益善,ZH,相传西汉时刘邦问他手下的将领韩信能带领多少军队打仗，韩信回答：多多益善。意思就是越多越好。,"Legend has it that in the Western Han dynasty, when Liu Bang asked his general Han Xin how many troops he could command, Han Xin answered: ""The more the better."" This means the more, the merrier.",Social Military Politics,
ZH_0334,H,豪杰之士，所见略同,ZH,意思是英雄豪杰对事物的见解基本上一致。,Heroes and outstanding minds tend to see things the same way.,Social Military Politics,
ZH_0335,H,好的不在多，一个顶十个,ZH,指入或物贵在品质精而不在数量多。,"What matters in people or things is quality, not quantity.",Social Military Politics,
ZH_0336,H,好舵手会使八面风,ZH,经验丰富的人能对付各种困难的局面。,A person rich in experience can handle all manner of difficult situations.,Social Military Politics,
ZH_0337,H,好官易做，好人难做,ZH,指好官容易做，好人却很难做。,"It is easy to be a good official, but hard to be a good person.",Social Military Politics,
ZH_0338,H,好汉报仇，三年不晚,ZH,意指有胆识的人，不轻举妄动，等候时机成熟再行动。,A person of true courage does not act rashly — they wait for the right moment before making their move.,Social Military Politics,
ZH_0339,H,好汉不吃眼前亏,ZH,指精明的人会见机行事，处于劣势逆境时，会暂作让步，避免吃亏受辱。,"A shrewd person acts according to circumstances; when at a disadvantage or in adversity, they will temporarily yield to avoid suffering loss or humiliation.",Social Military Politics,
ZH_0340,H,好汉不打抄手人,ZH,意指真正的好汉不向没有恶意或无力还手的人动武。,A true hero does not use force against those who mean no harm or who are unable to fight back.,Social Military Politics,
ZH_0341,H,好汉不打上门客,ZH,意谓真正的好男儿能宽恕登门示好的人。,A true man of valor can forgive someone who comes to his door in a gesture of goodwill.,Social Military Politics,
ZH_0342,H,好汉不打坐婆婆,ZH,有志气的男子不会欺负弱小者。,A man of ambition does not bully the weak and small.,Social Military Politics,
ZH_0343,H,好汉不夸当年勇,ZH,指有作为的人会再接再厉，不在他人面前炫耀过去的成就。,A person of true accomplishment presses forward without boasting of past achievements before others.,Social Military Politics,
ZH_0344,H,好汉不怕出身低,ZH,意指有志气的男子不怕自己出身卑微。,A man of ambition is not ashamed of humble origins.,Social Military Politics,
ZH_0345,H,好汉不贪色，英雄不贪财,ZH,指英雄好汉不受金钱美女的诱惑。,A true hero is not tempted by money or beauty.,Social Military Politics,
ZH_0346,H,好汉饿不得三日,ZH,指英雄好汉也得吃饱饭，谁也受不了连日饥饿。,Even a hero must eat — no one can endure days of hunger.,Social Military Politics,
ZH_0347,H,好汉护三村，好狗护三邻,ZH,指英雄好汉理当保护和帮助邻里乡亲。,A hero should protect and help neighbors and fellow villagers.,Social Military Politics,
ZH_0348,H,好汉流血不流泪,ZH,英雄好汉宁可自己流血牺牲，也不能掉眼泪祈求他人的同情。,A true hero would rather shed blood and sacrifice his life than shed tears begging for sympathy from others.,Social Military Politics,
ZH_0349,H,好汉怕赖汉，赖汉还怕歪死缠,ZH,胡搅蛮缠不讲理的人比什么都不干的人还难于应付。,An unreasonable person who stirs up trouble is even harder to deal with than someone who does nothing at all.,Social Military Politics,
ZH_0350,H,好汉怕赖汉，赖汉怕急汉,ZH,人被逼急了，什么事情都干得出来。,"When a person is pushed to the breaking point, there is nothing they will not do.",Social Military Politics,
ZH_0351,H,好汉识好汉，英雄识英雄,ZH,指英雄好汉有识别英雄好汉的眼力,A true hero has the eye to recognize another true hero.,Social Military Politics,
ZH_0352,H,好汉天下有好汉，英雄背后有英雄,ZH,指强人中间还有更强的人。劝诫人不要骄傲自满，忽视他人的力量。,"Among the strong, there is always someone stronger. This cautions against arrogance and underestimating others.",Social Military Politics,
ZH_0353,H,好汉一言，快马一鞭,ZH,意指英雄好汉一言九鼎，说话算数，就像好马只要打一鞭子就能飞奔一样。,"A true hero's word is his bond — what he says he will do, just as a fine horse needs only one crack of the whip to gallop.",Social Military Politics,
ZH_0354,H,好汉争气，赖汉争食,ZH,意指有志气的人会在功名事业上拼搏努力，只有庸碌的懒汉才会在衣食琐事上发生争执。,A person of ambition devotes their energy to fame and accomplishment; only the idle and mediocre quarrel over trivial matters of food and clothing.,Social Military Politics,
ZH_0355,H,好汉只怕病来磨,ZH,指体魄健壮的男子也禁不住疾病的折磨。,Even a robust and sturdy man cannot withstand the torment of illness.,Social Military Politics,
ZH_0356,H,好汉子不赶乏兔儿,ZH,"好汉子：此处指强者 有本事的人。乏：疲乏,困乏。意思是好汉不跟一时疲乏劳顿的敌手争高低。换句话说，强大者不欺负弱小者，有本事的人不同已经困乏的人争斗。","""Hǎo hànzi"" here refers to a strong and capable person. ""Fá"" means fatigued or exhausted. A true hero does not compete with an opponent who is temporarily weary and spent. In other words, the strong do not bully the weak, and the capable do not contend with those already exhausted.",Social Military Politics,
ZH_0357,H,好汉做事好汉当,ZH,指英雄好汉做事敢做敢当。,A true hero dares to do and dares to own what they have done.,Social Military Politics,
ZH_0358,H,好虎架不住群狼,ZH,强壮的老虎也招架不住一群恶狼，形容寡不敌众。比喻一个人再强壮，有再大的本事，也招架不过众人的围攻。,"Even a powerful tiger cannot fend off a pack of wolves — this describes being outnumbered. No matter how strong or capable one person is, they cannot withstand the onslaught of many.",Social Military Politics,
ZH_0359,H,好年盛景看腊月,ZH,好年盛景：丰收年。指在丰收的时候，到腊月时人们会欢闹喜庆。,"""Hǎo nián shèngjǐng"" means a bountiful harvest year. In a year of good harvest, people celebrate joyously when the twelfth lunar month arrives.",Social Military Politics,
ZH_0360,H,好拳不赢头三手，自有高招在后头,ZH,指有本领的人不露锋芒，为自己留有余地，关键时刻才出绝招取胜。,"A truly skilled person does not show off their edge, leaving room for themselves, and only reveals their decisive move at the critical moment.",Social Military Politics,
ZH_0361,H,好手不敌双拳，双拳难敌四手,ZH,敌：抵挡。指有力的一只大手抵挡不住两个拳头，而两个拳头却敌不过四只大手有力。比喻少不胜多。也比喻即使一个人本领再高强，也会寡不敌众。,"""Dí"" means to withstand. One powerful hand cannot fend off two fists, and two fists cannot overcome four powerful hands. The few cannot prevail against the many. No matter how formidable one person's skills, they will be outnumbered.",Social Military Politics,
ZH_0362,H,好雁总是领头飞，好马总是先出列,ZH,意指有才能的人总是做领头羊，就如骏马总是跑在最前头一样。,"A talented person always takes the lead, just as a fine horse always runs at the front of the pack.",Social Military Politics,
ZH_0363,H,合群的喜鹊能擒鹿，齐心的蚂蚁能吃虎,ZH,用来比喻弱者齐心协力，也能战胜强者。,"Even the weak, when united in heart and effort, can defeat the strong.",Social Military Politics,
ZH_0364,H,合字难写，人心难齐,ZH,很难做到众人一心，团结一致。,It is extremely difficult to achieve true unity of purpose among many people.,Social Military Politics,
ZH_0365,H,何水无鱼，何官无私,ZH,意谓做官的总存有私心，就好比是河流就必定会有鱼。,"Those who serve as officials always harbor self-interest, just as any river will inevitably contain fish.",Social Military Politics,
ZH_0366,H,和尚多了没水吃,ZH,指人多了就会扯皮，相互推诿反而办不成事情。,"When there are too many people involved, they will pass blame and shirk responsibility, making it impossible to get things done.",Social Military Politics,
ZH_0367,H,和尚在，钵盂在,ZH,钵盂：和尚用的饭具。比喻只要有人在，与他相关的东西也存茌。,"""Bōyú"" is the bowl used by a Buddhist monk. As long as the person exists, the things associated with them will also be there.",Social Military Politics,
ZH_0368,H,河水靠流，人群靠头,ZH,指优秀的领头人对事业的成功起着至关重要的作用。,An outstanding leader plays a critically important role in the success of an undertaking.,Social Military Politics,
ZH_0369,H,荷花虽好，也要绿叶扶持,ZH,喻指人再有本领，也得需要有人扶助支持。,"No matter how capable a person is, they still need the support and assistance of others.",Social Military Politics,
ZH_0370,H,哄死人不偿命,ZH,古时认为哄骗人不必承担法律责任。,"In ancient times, it was believed that deceiving people did not carry legal liability.",Social Military Politics,
ZH_0371,H,侯门深似海,ZH,侯门：指显贵人家。指显贵人家居住的传统住宅庭院深深，门禁森严，普通人很难进入。,"""Hóumén"" refers to the households of the distinguished and noble. Their traditional residences have deep courtyards and strict gatekeeping, making it extremely difficult for ordinary people to gain entry.",Social Military Politics,
ZH_0372,H,猴子不钻圈，多筛几遍锣,ZH,筛：此处指敲锣。比喻如果对方不上圈套，就需要多采用一些手段诱惑对方上圈套。,"""Shāi"" here means to beat a gong. If the other party does not take the bait, one must employ additional tactics to lure them into the trap.",Social Military Politics,
ZH_0373,H,狐狸再狡猾也斗不过好猎手,ZH,比喻不论敌人如何狡猾，也斗不过智慧的人民群众。也比喻恶人再狡猾，其阴谋终究会被他人揭穿。,"No matter how cunning the enemy, they cannot outwit the wisdom of the people. No matter how crafty an evildoer, their schemes will ultimately be exposed.",Social Military Politics,
ZH_0374,H,虎不离山，龙不离海,ZH,意指人离开了自己的优势环境就不能充分地施展才华，就如同虎离开山、龙离开海一样失去了依靠的优势,"A person who leaves their advantageous environment cannot fully display their talents, just as a tiger away from its mountain or a dragon away from the sea loses its source of strength.",Social Military Politics,
ZH_0375,H,虎不与狮斗，兵不和匪争,ZH,不要同强悍的对手进行争斗。,Do not engage in a contest with a formidable adversary.,Social Military Politics,
ZH_0376,H,虎口里探头儿,ZH,意思是把头伸进老虎嘴里。比喻自蹈险境。,Sticking one's head into a tiger's mouth — this means willingly walking into a deadly trap.,Social Military Politics,
ZH_0377,H,虎狼当道，在劫难逃,ZH,指恶人当道，好人就要遭殃。,"When evil people hold power, good people will suffer.",Social Military Politics,
ZH_0378,H,花好就怕一场风,ZH,指鲜花盛开时最担心大风的摧残。比喻好事怕出差错。,"When flowers are in full bloom, what they fear most is the destruction of a gale. Good things are most vulnerable to going wrong.",Social Military Politics,
ZH_0379,H,皇帝不急，急死太监,ZH,当事人不着急，局外人反而焦急万分。,"The person directly involved is not anxious, yet the bystander is frantic with worry.",Social Military Politics,
ZH_0380,H,皇帝女不愁嫁,ZH,比喻畅销抢手的商品不用发愁卖不出去。,Goods that sell well and are in high demand need no worry about finding buyers.,Social Military Politics,
ZH_0381,H,皇帝也有草鞋亲,ZH,即使是地位显赫的贵人也会有贫贱卑微的亲戚。,Even a person of the highest status and distinction has poor and humble relatives.,Social Military Politics,
ZH_0382,H,皇天不负苦心人,ZH,老天辜负不了苦心人的意愿意指只要肯下苦工夫，坚持下去，愿望就一定会实现。,"Heaven will not disappoint the wishes of those who toil with all their heart. As long as one is willing to work hard and persevere, one's wishes will surely be fulfilled.",Social Military Politics,
ZH_0383,H,黄金有价人无价,ZH,指人才是无价之宝，比黄金更珍贵。,"Talented people are a priceless treasure, more precious than gold.",Social Military Politics,
ZH_0384,H,黄鼠狼单咬病鸭子,ZH,指黄鼠狼专挑病鸭子咬。比喻坏人专找对方最脆弱的地方下手又比喻天灾人祸总是降临在弱小者的身上。,"The weasel always picks the sick duck to bite. Evildoers always attack the most vulnerable point of their target, and disasters always befall the weak.",Social Military Politics,
ZH_0385,H,蝗虫吃过界,ZH,指灾荒年代，蝗虫肆意飞行，吃掉禾苗，不管地界。比喻古时有权势的人肆意侵吞、挥霍公款，不受法律制裁。,"In years of famine, locusts fly rampantly, devouring crops without regard for boundaries. In ancient times, powerful people plundered and squandered public funds with impunity, beyond the reach of the law.",Social Military Politics,
ZH_0386,H,浑浊不分鲢共鲤，水清方见两般鱼,ZH,比喻社会腐败动荡，就容易混淆是非；国家政治清明，就会善恶分明。,"When society is corrupt and turbulent, right and wrong are easily confused; when politics are clear and just, good and evil are plainly distinguished.",Social Military Politics,
ZH_0387,H,混水里，好拿鱼,ZH,混水好摸鱼。比喻混乱的局面有利于做坏事。,Muddy water makes it easy to catch fish. A chaotic situation is favorable for doing bad deeds.,Social Military Politics,
ZH_0388,H,火车跑得快，全靠车头带,ZH,比喻精明的领导，可以带领人们迈向事业的成功。,A wise and capable leader can guide people toward the success of their endeavors.,Social Military Politics,
ZH_0389,H,火烧芭蕉心不死,ZH,敌人是不服输的。,An enemy will never willingly admit defeat.,Social Military Politics,
ZH_0390,H,伙打官司事不赢,ZH,"大家合伙打官司,各有各的想法，很难同心协力，不容易打赢。也泛指合伙办事，倾向于互相推诿，不容易成功。","When many people join together in a lawsuit, each has their own ideas, making it very hard to unite — and thus very hard to win. More broadly, when people collaborate on something, they tend to pass responsibility to each other, making success unlikely.",Social Military Politics,
ZH_0391,J,鸡蛋碰不过石头，胳膊扭不过大腿,ZH,比喻弱者无论怎样都打不过强者。,"No matter what the weak do, they cannot defeat the strong.",Social Military Politics,
ZH_0392,J,鸡儿不吃无工之食,ZH,不可以无功受禄，不劳而食。,One must not accept rewards without merit or eat without working.,Social Military Politics,
ZH_0393,J,鸡飞蛋打一场空,ZH,比喻两边都一无所获，空空如也,Both sides end up with nothing — completely empty-handed.,Social Military Politics,
ZH_0394,J,疾风知劲草，世乱识忠臣,ZH,指在猛烈的大风下才能知道哪些是坚韧不拔的劲草，国家动乱之时，就能够识别出谁是真正的忠臣比喻在动乱的年代才能了解一个人忠心与否。,Only under a fierce gale can one tell which grasses are tough and resilient; only in times of national turmoil can one identify who is truly loyal. It is only in turbulent times that one can know whether a person is truly faithful.,Social Military Politics,
ZH_0395,J,既到灵山，岂可不朝我佛,ZH,灵山：印度的灵鹫山，相传释迦牟尼曾于此讲过经。到了灵山，就不得不朝拜佛祖。喻指到了一个新地方就一定得拜见主人。,"""Língshān"" refers to Vulture Peak in India, where it is said Shakyamuni once preached the sutras. Having arrived at Vulture Peak, one cannot help but pay respects to the Buddha. This means that when you arrive at a new place, you must pay your respects to the host.",Social Military Politics,
ZH_0396,J,系狗当系颈,ZH,系：拴、缚。拴狗应当拴脖子。比喻攻打敌人要击中其要害之处。,"""Xì"" means to tie or bind. When tying up a dog, one should tie it by the neck. When attacking an enemy, one must strike at the vital point.",Social Military Politics,
ZH_0397,J,家法大不过王法,ZH,指家法必须服从于国家大法。,Family rules must be subordinate to the laws of the state.,Social Military Politics,
ZH_0398,J,家无全犯,ZH,不可能家里所有的人全部都参与犯罪。,It is impossible that every single member of a household is involved in a crime.,Social Military Politics,
ZH_0399,J,家无主，屋倒竖,ZH,一户人家如果没有主妇，房屋也会倒转过来。喻指一个家庭，不能没有管理家务的主妇。,"If a household has no mistress, the house itself would turn upside down. A family cannot do without a woman who manages domestic affairs.",Social Military Politics,
ZH_0400,J,家有常业，虽饥不饿；国有常法，虽危不亡,ZH,一个家有正当固定的谋生手段在饥荒年代就不至于挨饿；国家有固定的法律，在危难之时就不会灭亡。,A family with a steady and legitimate livelihood will not go hungry even in years of famine; a nation with established laws will not perish even in times of crisis.,Social Military Politics,
ZH_0401,J,家有家规，军有军法,ZH,意思是说任何单位或团体，都必须有共同遵守的法规。,Any organization or group must have rules and regulations that all members observe together.,Social Military Politics,
ZH_0402,J,家有家主，庙有庙主,ZH,不论哪个地方，都有主事负责的人。,"No matter where you go, there is always someone in charge.",Social Military Politics,
ZH_0403,J,家有诤子，不败其家；国有诤臣，不亡其国,ZH,无论家庭还是国家，只要有敢说实话的人，家庭就不会衰败，国家就不会灭亡。,"Whether in a family or a nation, as long as there are people who dare to speak the truth, the family will not decline and the nation will not perish.",Social Military Politics,
ZH_0404,J,家中百事兴，全靠主人命,ZH,古时认为主人的命运决定着家中的百事。,"In ancient times, it was believed that the master's fate determined the fortunes of everything in the household.",Social Military Politics,
ZH_0405,J,家中无鬼万年安,ZH,家中无鬼怪作祟，就可平安无事。常用来比喻国家如果没有叛逆奸贼，就不至于混乱衰亡。,"If there are no ghosts or demons causing trouble within the home, all will be peaceful. This is often used as a metaphor: if a nation has no traitors or treacherous villains, it will not fall into chaos and decline.",Social Military Politics,
ZH_0406,J,拣日不如撞日，撞日不如今日,ZH,刻意挑选日子不如碰日子，碰日子不如说干就干。劝诫大家不要迷信黄历。,"Deliberately choosing an auspicious day is not as good as happening upon one, and happening upon one is not as good as acting right away. This urges people not to be superstitious about the almanac.",Social Military Politics,
ZH_0407,J,见官三分灾,ZH,古时百姓一旦被官吏传唤，常常凶多吉少，所以大家都害怕看见做官的。,"In ancient times, once a commoner was summoned by an official, the outcome was usually dire — so everyone dreaded the sight of government officers.",Social Military Politics,
ZH_0408,J,见蛇不打三分罪,ZH,指见害不除，等同犯罪。比喻见到坏人坏事不去制止就等同于有罪责。,To see harm and not eliminate it is tantamount to committing a crime. To witness wrongdoing and not try to stop it is the same as bearing guilt oneself.,Social Military Politics,
ZH_0409,J,见橐驼指马肿背,ZH,橐驼：即骆驼。指看到骆驼不认识，却主观武断地认为是马肿背。比喻主观武断，对没有见过的东酉妄加猜说。讽刺见识浅薄、自作聪明的人。,"""Tuótuó"" means camel. Seeing a camel for the first time and not recognizing it, one stubbornly assumes it is a horse with a swollen back. This mocks those who are narrow in experience and presumptuously guess about things they have never seen — people who are ignorant yet think themselves clever.",Social Military Politics,
ZH_0410,J,江山易打，民心难得,ZH,指夺取政权并不难，要得到人民群众的真心拥护却很难。,Seizing political power is not the hard part; winning the genuine support of the people is truly difficult.,Social Military Politics,
ZH_0411,J,将不激，兵不发,ZH,将领不激励士兵，士兵就不愿意奋勇作战。,"If a general does not inspire and encourage the troops, the soldiers will not fight bravely.",Social Military Politics,
ZH_0412,J,将军不下马，各自奔前程,ZH,意指各人走各人的路，谁也不干涉谁。,"Each person walks their own path, and no one interferes with anyone else.",Social Military Politics,
ZH_0413,J,将军额上跑下马，宰相肚里行舟船,ZH,指将军和宰相的胸怀宽阔，气量很大，能容忍一切。常用来劝说人胸怀要宽广，气量要大。,"The hearts of generals and chancellors are vast and magnanimous, able to tolerate all things. This is often used to urge people to be broad-minded and generous in spirit.",Social Military Politics,
ZH_0414,J,将门出虎子,ZH,将帅之家的后代肯定也勇敢。意指有才干或声望的家庭常有杰出的接班人。,The descendants of a family of generals and marshals will surely be brave as well. Families of talent and renown often produce outstanding successors.,Social Military Politics,
ZH_0415,J,将相本无种，男儿当自强,ZH,才干本领靠遗传是得不到的，男子汉应当奋发图强，自强不息。,Talent and ability cannot be obtained through heredity alone — a man should strive vigorously and ceaselessly improve himself.,Social Military Politics,
ZH_0416,J,将相出寒门,ZH,指古时将相往往出身卑微。,"In ancient times, generals and chancellors often came from humble origins.",Social Military Politics,
ZH_0417,J,将在谋而不在勇,ZH,指有作为的将帅依靠谋略取胜，而不是仅借个人的勇敢。,"A capable general relies on strategy to win, not merely on personal bravery.",Social Military Politics,
ZH_0418,J,将在外，君命有所不受,ZH,古时将军在外带兵打仗，有一定的主动权，可以不听从君主的命令。,"In ancient times, a general commanding troops far from the capital held a degree of autonomy and could choose not to obey certain orders from the sovereign.",Social Military Politics,
ZH_0419,J,降龙自有降龙手，捉鬼还得捉鬼人,ZH,指要降服何种对手，就得起用何种人。,"To subdue a particular kind of opponent, one must employ the right kind of person for the task.",Social Military Politics,
ZH_0420,J,犟驴怕恶鞭,ZH,再倔强的毛驴只要用鞭子狠狠抽打，也会驯服它。比喻固执倔强的人也惧怕强烈的打击。,Even the most stubborn donkey can be tamed by a fierce whipping. Even the most obstinate person fears a powerful blow.,Social Military Politics,
ZH_0421,J,浇花浇心儿，栽树栽根儿,ZH,比喻解决问题要从根儿着手。,"To solve a problem, one must start from the root.",Social Military Politics,
ZH_0422,J,骄兵必败，欺敌必亡,ZH,骄傲轻敌的部队，肯定打不了胜仗。,An army that is arrogant and underestimates its enemy will certainly never win a battle.,Social Military Politics,
ZH_0423,J,狡兔尽，猎狗烹；飞鸟尽，良弓藏；敌国破，良臣亡,ZH,野外的兔子没得逮了，猎犬就被煮吃；天上的飞鸟没得打了，弓箭就得收藏起来不能使用；敌国被消火了，功臣就被害死。多指帝王夺取政权以后，功臣良将常常被谋害或受到冷淡。,"When all the wild rabbits have been caught, the hunting dogs are boiled and eaten; when all the birds in the sky have been shot down, the bows and arrows are put away; when the enemy state has been destroyed, the meritorious ministers are killed. This often refers to how, after an emperor seizes power, his loyal generals and meritorious officials are frequently murdered or cast aside.",Social Military Politics,
ZH_0424,J,狡兔三窟,ZH,狡猾的兔子打很多洞，各洞之间相通连，以防不测。比喻有远见的人事先安排好避祸的打算。,"A cunning rabbit digs many burrows, all interconnected, to guard against the unexpected. A person of foresight makes arrangements in advance to avoid disaster.",Social Military Politics,
ZH_0425,J,叫唤的鸟儿没肉吃,ZH,指叫唤的鸟儿只想着歌唱而忘了捕食。比喻往往因为爱闲谈笑话而误了正经事。,A singing bird is so absorbed in its song that it forgets to hunt for food. People who are fond of idle chatter and jokes often neglect serious business.,Social Military Politics,
ZH_0426,J,桀犬吠尧，各为其主,ZH,夏桀的狗朝贤君尧狂叫不止，是因为要向着自己的主人。指人各为自己的主人效力。,"The dog of the tyrant Jie barks ceaselessly at the virtuous King Yao — not because Yao is bad, but because the dog is loyal to its own master. Everyone serves their own master.",Social Military Politics,
ZH_0427,J,今日不知来日事,ZH,今后的事情不能预料。,Future events cannot be foreseen or predicted.,Social Military Politics,
ZH_0428,J,尽得忠来难尽孝,ZH,指忠孝不能两全。多用于奉劝人应以国事公务为重。,One cannot fulfill both loyalty to the state and filial piety to one's parents at the same time. This is often used to urge people to prioritize national affairs and public duties.,Social Military Politics,
ZH_0429,J,京官不如外放,ZH,在京城做官不如在外地做官，因为在外受制约少，容易搜到钱财。,"Serving as an official in the capital is not as advantageous as serving in the provinces, because in the provinces one faces fewer constraints and finds it easier to accumulate wealth.",Social Military Politics,
ZH_0430,J,井里打水往河里倒,ZH,比喻白费力气，办事没有效率。,A metaphor for wasted effort and inefficient work.,Social Military Politics,
ZH_0431,J,敬酒不吃吃罚酒,ZH,指好言劝说不听从，只有强迫硬来才行得通。,Kind words of persuasion go unheeded; only coercion and force will get through.,Social Military Politics,
ZH_0432,J,敬神如神在,ZH,指敬神要心诚意诚。,"When worshipping the gods, one must do so with genuine sincerity of heart.",Social Military Politics,
ZH_0433,J,九个月长虫吃耗子，三个月耗子吃长虫,ZH,长虫：蛇。耗子：老鼠。比喻有时候强者也害怕弱者。,"""Chángchóng"" means snake. ""Hàozi"" means mouse. Sometimes even the strong fear the weak.",Social Military Politics,
ZH_0434,J,久经大海难为水,ZH,指见过大世面的人，不在乎小事。换句话说，见过大世面的人，不会将微小之事放在眼里。,A person who has seen the world on a grand scale does not fuss over small matters. One who has experienced great things will not concern themselves with trifles.,Social Military Politics,
ZH_0435,J,酒病酒药医,ZH,指由于喝酒而引起的病，可以用酒来医治比喻因何物惹的灾祸，还得用何物来消除。,An illness caused by drinking can be cured with wine. A calamity caused by a certain thing must be resolved by that same thing.,Social Military Politics,
ZH_0436,J,酒肉穿肠过，佛在心中坐,ZH,酒肉吃到肚子里，吃过便没有了，佛供奉在心里，永远伴着人。指敬佛重在心诚，不必恪守清规戒律。,"Wine and meat go into the belly and are gone once consumed, but the Buddha enshrined in the heart accompanies a person forever. True devotion to the Buddha lies in sincerity of heart, not in rigid adherence to monastic rules and dietary restrictions.",Social Military Politics,
ZH_0437,J,救兵如救火,ZH,意思是军事救助非常关紧，一刻也不能耽误。,Military relief is a matter of the utmost urgency — not a single moment can be wasted.,Social Military Politics,
ZH_0438,J,惧法朝朝乐,ZH,意思是害怕法律威严，不干坏事，就能安居乐业。,Those who fear the majesty of the law and refrain from wrongdoing can live and work in peace and contentment.,Social Military Politics,
ZH_0439,J,倦鸟知还,ZH,指疲倦的鸟也知道返回自己的窝巢。比喻长时间在外地生活、年事已高的人经常想要返回家乡，落叶归根。,Even a weary bird knows to return to its own nest. A person who has lived far from home for many years and grown old often longs to return to their homeland — like fallen leaves returning to their roots.,Social Military Politics,
ZH_0440,J,军不斩不齐，将不严不整,ZH,指军中赏罚不明，将领治军不严，军队的作风就不会严谨。,"When rewards and punishments in the military are unclear and the commander is lax in discipline, the army's conduct will not be rigorous.",Social Military Politics,
ZH_0441,J,军令如山倒,ZH,指执行军事命令要如同高山突然倒下一般地迅速，不能有丝毫的马虎。比喻士兵必须绝对服从军令。,"Military orders must be executed as swiftly as a mountain suddenly collapsing, with not the slightest room for carelessness. Soldiers must obey military commands absolutely.",Social Military Politics,
ZH_0442,J,军令无私亲,ZH,执行军令容不下私人感情。也指对于不遵守军令的士兵，不可以徇私情。,The execution of military orders leaves no room for personal feelings. Soldiers who disobey orders must not be shown favoritism.,Social Military Politics,
ZH_0443,J,军令重如山,ZH,指军令一出，就像山一样不可动摇，不管谁都必须服从。,"Once a military order is issued, it is as immovable as a mountain — everyone, without exception, must obey.",Social Military Politics,
ZH_0444,J,军赏不逾月,ZH,逾：超过。指军队中应该及时行赏，不宜拖延。,"""Yú"" means to exceed or surpass. Rewards in the military should be given promptly and must not be delayed.",Social Military Politics,
ZH_0445,J,军无粮自乱,ZH,意指军队中要是没了口粮必然不打自乱。,"If an army runs out of provisions, it will inevitably fall into disorder without even being attacked.",Social Military Politics,
ZH_0446,J,军无媒，中道回,ZH,媒：媒介，指向导或内应。士兵去袭击敌方，若没有向导或内应，即使已经走到半路，也必须返回。又指军队前行时若没有向导指路，就到达不了目的地。,"""Méi"" means a guide or an inside agent. When soldiers go to raid the enemy, if they have no guide or inside agent, they must turn back even if they are already halfway there. An army that marches without a guide cannot reach its destination.",Social Military Politics,
ZH_0447,J,军有头，将有主,ZH,意指任何地方都有领头管事的人。,Every place has someone who takes the lead and manages affairs.,Social Military Politics,
ZH_0448,J,军中无粮自乱,ZH,军队若是没有了粮草，肯定会不攻自乱。,"If an army loses its supply of grain and fodder, it will certainly collapse into chaos without any need for an attack.",Social Military Politics,
ZH_0449,J,军中无戏言,ZH,指军队中开玩笑的话是没有的。比喻在某种环境下讲的话非常严肃而慎重。也比喻在军队里，军纪严明，讲话一定得严肃认真，不可以随意说玩笑话。,"There is no such thing as a joke in the military. In certain settings, words are spoken with the utmost gravity and seriousness. In the army, discipline is strict, speech must be serious, and casual jokes are not permitted.",Social Military Politics,
ZH_0450,J,君子报仇，十年不晚,ZH,指有谋略的人等待合适的时机才进行报复。换句话说，报仇雪恨的大事不可操之过急，必须把握有利时机，才能取得成功。,A person of strategic mind waits for the right moment to take revenge. The great matter of vengeance must not be rushed — one must seize the opportune moment to succeed.,Social Military Politics,
ZH_0451,J,君子不跟牛使气,ZH,指品格高尚的人不与性格粗鲁的人发生争斗。也指有修养的人不跟无知的人计较。,A person of noble character does not quarrel with someone who is coarse and rude. A person of refinement does not stoop to bickering with the ignorant.,Social Military Politics,
ZH_0452,J,君子争礼，小人争嘴,ZH,指有修养的人讲究的是礼貌，品德不高的人则喜欢争斗。,A person of cultivation values courtesy and propriety; a person of low moral character is fond of quarreling and fighting.,Social Military Politics,
ZH_0453,J,君子一言，重于九鼎,ZH,意思是大丈夫一句话，分量很重。,The word of a true man carries immense weight.,Social Military Politics,
ZH_0454,J,君子一言，快马一鞭,ZH,大丈夫一言既出，就如同着鞭的快马一样，不可以收回来。意指言而有信。,"Once a true man has given his word, it is like a swift horse that has felt the whip — it cannot be taken back. One must be true to one's word.",Social Military Politics,
ZH_0455,J,君不正臣不忠，父不正子不孝,ZH,国君不公正臣就会不尽忠，父亲不正派儿子也不会孝顺。,"If the sovereign is not fair, the ministers will not be loyal; if the father is not upright, the son will not be filial.",Social Military Politics,
ZH_0456,J,君不正臣投外国，父不正子奔他乡,ZH,"国君无道，做臣子的就会投靠别国；父行邪恶，儿子就会离家出走。指上行不正,下面就会采用叛离的行为。","If the sovereign is unjust, the ministers will defect to another state; if the father practices evil, the son will leave home. When those above set a crooked example, those below will respond with betrayal and desertion.",Social Military Politics,
ZH_0457,J,君臣如父子,ZH,古时指君主与臣子的关系好比父与子的关系。,"In ancient times, the relationship between sovereign and minister was likened to that between father and son.",Social Military Politics,
ZH_0458,J,君无戏言，出口成律,ZH,君王说话一定得算话，不可以随意乱说。,A sovereign's words must always be kept — they must not be spoken carelessly or recklessly.,Social Military Politics,
ZH_0459,K,开弓不放箭,ZH,弓拉开却不射箭。意指假装出强大的声威和气势。,Drawing the bow but not releasing the arrow — this means putting on a show of great power and momentum without actually striking.,Social Military Politics,
ZH_0460,K,砍不倒大树，弄不多柴火,ZH,"砍大树固然费力气,但是能获得更多的柴火。意思是只有征服了强大的对手才会有很多收获。","Felling a large tree is certainly laborious, but it yields far more firewood. Only by conquering a formidable opponent can one reap great rewards.",Social Military Politics,
ZH_0461,K,砍倒大树有柴烧,ZH,比喻征服比自己强大的对手有非常多的收益。,Defeating an opponent stronger than oneself brings extraordinarily abundant gains.,Social Military Politics,
ZH_0462,K,看风使舵常顺利，随机应变信如神,ZH,根据客观情况的发展变化，适时调整自己的对策和行动，才能顺利办事。,One must adjust one's strategies and actions in a timely manner according to the development and changes of objective circumstances in order to accomplish things smoothly.,Social Military Politics,
ZH_0463,K,看人看心，听话听音,ZH,指看人要看这个人心肠的好坏，听话要留心言外之意。换句话说，判断一个人要看他的内心表现怎么样，听话则应听出他的真正意图来。说明观察事物要仔细，要透过现象看到本质。,"When judging a person, look at whether their heart is good or bad; when listening to words, pay attention to the meaning behind them. In other words, to assess a person, examine their inner character; to understand speech, discern the speaker's true intent. One must observe things carefully and see through appearances to the essence.",Social Military Politics,
ZH_0464,K,靠着大河有水吃，靠着大树有柴烧,ZH,意指依靠有权势的人，就可以得到相关的利益。,"By relying on someone with power and influence, one can obtain corresponding benefits.",Social Military Politics,
ZH_0465,K,靠大树草不沾霜,ZH,指长在树下的草，风霜侵不到比喻有权势者的庇护，没有人敢侵犯。,"Grass growing beneath a great tree is sheltered from wind and frost. Under the protection of a powerful person, no one dares to cause harm.",Social Military Politics,
ZH_0466,K,慷慨成仁易，从容就义难,ZH,为正义事业意气昂扬地奉献出自己的生命可以做到，但要从容不迫地去死却办不到。,"One can march courageously to lay down one's life for a righteous cause, but to face death with calm composure is far more difficult.",Social Military Politics,
ZH_0467,K,炕上养虎，家中养盗,ZH,意思指培养、包庇和纵容恶人，将祸患无尽,"To nurture, harbor, and indulge evildoers is to breed endless calamity.",Social Military Politics,
ZH_0468,K,苛政不亲，烦苦伤恩,ZH,苛政：严苛的政令。指严苛的政令会伤害老百姓，最终导致失去民心。,"""Kēzhèng"" means harsh and oppressive governance. Tyrannical policies harm the common people and ultimately lead to the loss of the people's hearts.",Social Military Politics,
ZH_0469,K,肯在热灶里烧火，不肯在冷灶里添柴,ZH,乐意攀附权贵，不愿帮助处在贫困中的人。,"Eager to attach oneself to the rich and powerful, unwilling to help those in poverty and hardship.",Social Military Politics,
ZH_0470,K,苦海无边，回头是岸,ZH,原是佛教用语。苦海，指深重的苦难。岸，指彼岸。佛教把得到正果称作到达彼岸。比喻虽罪孽深重，但只要弃恶从善，就会有出路。,"Originally a Buddhist term. ""Kǔhǎi"" means a sea of profound suffering. ""Àn"" means the other shore. In Buddhism, attaining enlightenment is described as reaching the other shore. No matter how deep one's sins, as long as one renounces evil and embraces good, there is a way out.",Social Military Politics,
ZH_0471,K,困龙亦有上天时,ZH,意谓暂时处于困境而有抱负的人终于可以有出头之日。,A person of ambition who is temporarily mired in hardship will eventually have the chance to rise and succeed.,Social Military Politics,
ZH_0472,K,快刀不削自己的柄,ZH,喻指不能自己伤害自己。换句话说，自己人不会伤害自己人。,"One must not harm oneself. In other words, one's own people will not hurt their own.",Social Military Politics,
ZH_0473,L,拉住状元叫姐夫,ZH,比喻攀附权贵。,A metaphor for clinging to and currying favor with the powerful and influential.,Social Military Politics,
ZH_0474,L,拉到老虎当马骑,ZH,喻指轻率地对待强者。,Refers to treating a strong opponent rashly and carelessly.,Social Military Politics,
ZH_0475,L,腊月二十三，家家糖瓜粘,ZH,糖瓜：用麦芽糖做成的瓜状甜食。腊月二十三日，用糖果点心作为祭品。灶神吃后，嘴上粘糖，上天会讲好话。,"""Tángguā"" (sugar melon) is a melon-shaped sweet made from maltose. On the 23rd of the twelfth lunar month, candy and pastries are offered as sacrifices to the Kitchen God. After eating them, his lips become sticky with sugar, so when he ascends to heaven he will only speak sweet words.",Social Military Politics,
ZH_0476,L,腊月二十三，灶爷上了天，先生放了学，学生出了监,ZH,古时民风，腊月二十三这天是灶王爷上天的日子，学校在这一天开始放寒假，老师和学生都回家过年。,"According to ancient folk custom, the 23rd of the twelfth lunar month is the day the Kitchen God ascends to heaven. On this day, schools would begin winter vacation, and teachers and students all returned home for the New Year.",Social Military Politics,
ZH_0477,L,腊月二十五，掸房扫尘土,ZH,指在腊月二十五这一天，每家都打扫卫生准备迎接新春佳节。,"On the 25th of the twelfth lunar month, every household sweeps and cleans in preparation for the New Year festival.",Social Military Politics,
ZH_0478,L,来者不惧，惧者不来,ZH,敢来的人是不会惧怕的，不好惹的。比喻不能轻视敢于前来挑战的人。,Those who dare to come are not afraid and are not to be trifled with. One should never underestimate those who dare come forward to issue a challenge.,Social Military Politics,
ZH_0479,L,来者不善，善者不来,ZH,指不厉害的不可能来，来的肯定是相当厉害的。喻指来的人不怀好意。,Those who are not formidable would not bother coming; those who come are certainly formidable. The visitors harbor ill intentions.,Social Military Politics,
ZH_0480,L,癞狗扶不上墙,ZH,比喻不成器的人，再怎么扶持也不管用。,A metaphor for someone who will never amount to anything — no amount of support or assistance will make any difference.,Social Military Politics,
ZH_0481,L,烂泥巴扶不上墙,ZH,比喻没有出息的人，依靠别人无论如何也扶持不起来。,A person without ambition cannot be propped up no matter how much others try to help.,Social Military Politics,
ZH_0482,L,烂套子也能塞窟窿,ZH,比喻能力再低下的人也总会能起上一点作用的。,Even a person of the lowest ability can still serve some purpose.,Social Military Politics,
ZH_0483,L,浪再大，压不住鱼打挺；云再厚，裹不住炸雷声,ZH,喻指对方势力再强大也难不住本领高强的人。也比喻任何力量都拦不住真理的传播。,"No matter how powerful the opposing force, it cannot stop a person of extraordinary skill. Likewise, no force can halt the spread of truth.",Social Military Politics,
ZH_0484,L,浪子回头金不换,ZH,浪荡子改过后比黄金还值钱。意指犯过错误的人真正悔改之后不会再犯。,A prodigal son who truly reforms is worth more than gold. One who genuinely repents of past errors will not repeat them.,Social Military Politics,
ZH_0485,L,老巢难舍,ZH,老巢：鸟的老窝，比喻人的老家。指人不愿远离自己的老家。,"""Old nest"" — a bird's old roost, used as a metaphor for one's hometown. People are reluctant to stray far from their native place.",Social Military Politics,
ZH_0486,L,老龟煮不烂，移祸于枯桑,ZH,相传三国时有人献大龟给孙权，孙权让人煮龟，用了上万车柴仍然煮不烂。诸葛亮建议用老桑树煮，很快就煮烂了。意指嫁祸于人。,"Legend holds that during the Three Kingdoms period, someone presented a great turtle to Sun Quan. He ordered it cooked, but tens of thousands of cartloads of firewood could not cook it through. Zhuge Liang suggested using old mulberry wood, and it was quickly done. This means to shift blame onto another person.",Social Military Politics,
ZH_0487,L,老虎不在家，猴子称大王,ZH,比喻首领不在的时候，下属就有可能称王称霸。,"When the leader is absent, subordinates may seize the chance to lord it over others.",Social Military Politics,
ZH_0488,L,老虎吃人，恶名在外,ZH,坏人即使不做坏事，坏名声也巳经传开了。,"Even if a bad person refrains from doing evil, their bad reputation has already spread far and wide.",Social Military Politics,
ZH_0489,L,老虎吃天，没法下嘴,ZH,意指事情比较复杂，不知道该从何处下手去解决。,The matter is so complex that one does not know where to begin solving it.,Social Military Politics,
ZH_0490,L,老虎花在背，人心花在内,ZH,老虎的花纹长在皮毛上，人的主意谋划藏在内心里。意指人心难测。,"A tiger's stripes are on its hide, but a person's schemes are hidden deep within the heart. The human heart is unfathomable.",Social Military Politics,
ZH_0491,L,老虎不嫌黄羊瘦,ZH,比喻只要东西有用处，就不要嫌弃，不能丢弃。,"As long as something is useful, one should not despise it or cast it away.",Social Military Politics,
ZH_0492,L,老虎还有个打盹儿的时候,ZH,意指再精明强悍的入也难免有不留神出差错的时候。,Even the shrewdest and most formidable person will inevitably have moments of carelessness and error.,Social Military Politics,
ZH_0493,L,老虎金钱豹，各走各的道,ZH,每个人有每个人的前程，各走各的路，互不干涉。,Everyone has their own future; each walks their own road without interfering with others.,Social Military Politics,
ZH_0494,L,老虎口中夺脆骨，蛟龙背上揭生鳞,ZH,意思是冒险行事，成功的希望很渺茫。,Taking risks with very little hope of success.,Social Military Politics,
ZH_0495,L,老虎屁股摸不得,ZH,意思指自以为很了不起，不愿意听取别人的批评。,Thinking oneself great and refusing to listen to others' criticism.,Social Military Politics,
ZH_0496,L,老虎头上拍苍蝇,ZH,意指触犯强横霸道的人。,Refers to provoking tyrannical and domineering people.,Social Military Politics,
ZH_0497,L,老虎嘴里掉不下肉，狐狸嘴里吐不出鸡,ZH,比喻坏人抢劫去的东西很难再要回来，也比喻坏人的本性不容易改掉。,"Things seized by villains are nearly impossible to recover; likewise, a villain's nature is nearly impossible to change.",Social Military Politics,
ZH_0498,L,老将出马，一个顶俩,ZH,泛指老手经验丰富，一人能顶几个人用。,An experienced hand is so skilled that one person alone can do the work of several.,Social Military Politics,
ZH_0499,L,老马识归途,ZH,比喻经验丰富的人可以起到引导性的作用。,A person rich in experience can serve a guiding role for others.,Social Military Politics,
ZH_0500,L,老猫不死旧性在,ZH,喻指人的本性难改。,A person's fundamental nature is extremely difficult to change.,Social Military Politics,
ZH_0501,L,老鼠过街，人人喊打,ZH,意指坏人坏事处处都遭到大家的厌弃和打击。,Bad people and bad deeds are universally despised and attacked wherever they appear.,Social Military Politics,
ZH_0502,L,老鼠急了会咬猫,ZH,喻指人急了就会做出反常的事情来。,"When pushed to extremes, people will do things completely out of character.",Social Military Politics,
ZH_0503,L,老鼠眼睛寸寸光,ZH,意谓目光短浅，没有远见。,Short-sighted and lacking in foresight.,Social Military Politics,
ZH_0504,L,老鹰不吃窝下食,ZH,经常用来比喻坏人不在自己的住所附近做坏事而是到远方去犯罪。,Often used to describe how villains do not commit crimes near their own homes but travel far away to offend.,Social Military Politics,
ZH_0505,L,老子偷瓜盗果，儿子杀人放火,ZH,意谓如果做父亲的偷偷摸摸窃贼，儿子就有可能明火执仗当强盗。,"If the father is a petty sneak-thief, the son may well become an outright armed robber.",Social Military Politics,
ZH_0506,L,老子英雄儿好汉,ZH,父亲如果是英雄人物，儿子也定不会差。,"If the father is a hero, the son will surely not be far behind.",Social Military Politics,
ZH_0507,L,冷眼观螃蟹，横行到几时,ZH,螃蟹：喻指恶人。意谓横行霸道的恶人不会有好下场，总有一天会遭到报应的。,"""Crab"" is a metaphor for a tyrant. Those who act like tyrants will not come to a good end; sooner or later retribution will find them.",Social Military Politics,
ZH_0508,L,离家三里远，别是一乡风,ZH,风：风俗。指即使离家乡很近的地区，风俗习惯也与家乡不一样。,"""Fēng"" means customs. Even places very close to one's hometown may have quite different customs and habits.",Social Military Politics,
ZH_0509,L,离了胡萝卜，照样办酒席,ZH,比喻没有某些无关紧要的人，工作照常开展。,"Without certain unimportant individuals, work carries on just the same.",Social Military Politics,
ZH_0510,L,理乱易，治平难,ZH,平定乱世容易，治理太平盛世却不容易。,Quelling a chaotic era is easy; governing well in times of peace and prosperity is far more difficult.,Social Military Politics,
ZH_0511,L,立法不可不严，行法不可不恕,ZH,古时指制定法律要从严，执行法律要从宽。,In ancient times it was said that laws should be drafted strictly but enforced leniently.,Social Military Politics,
ZH_0512,L,利不百，不变法；功不十，不易器,ZH,利益达不到百倍，法令不变更；功效不足十倍，工具不改换。古时抵制变革的一种借口。,"If the benefit is not a hundredfold, do not change the decree; if the improvement is not tenfold, do not replace the tool. This was an ancient excuse for resisting reform and change.",Social Military Politics,
ZH_0513,L,练兵必先练心,ZH,指操练士兵首先要做好士兵的思想工作。,Training soldiers must begin with winning their hearts and minds.,Social Military Politics,
ZH_0514,L,良禽择木而栖，贤臣择主而事,ZH,古时认为贤能的臣子要择取明主效力，就如同好鸟要择取好的树木柄息一样。,"In ancient times it was held that a worthy minister should choose a wise sovereign to serve, just as a good bird chooses a fine tree on which to roost.",Social Military Politics,
ZH_0515,L,粮乃兵家之性命,ZH,指粮草供应与战争的胜败关系重大。,The supply of provisions and fodder is critically related to victory or defeat in war.,Social Military Politics,
ZH_0516,L,粮是军中胆,ZH,指粮草给养充足，士气才能高涨。,Only when grain and supplies are plentiful can the morale of the troops run high.,Social Military Politics,
ZH_0517,L,两国相战，不斩来使,ZH,意思是交战中的双方，都不可以将对方派来的使者斩首。,Neither side in a conflict may execute the other side's envoy.,Social Military Politics,
ZH_0518,L,两军相遇勇者胜,ZH,指两军交战，英勇作战的一方必然胜利。,"When two armies clash, the side that fights with greater courage will certainly prevail.",Social Military Politics,
ZH_0519,L,两虎相斗，必有一伤,ZH,比喻强手与强手相争，必定有一方会受伤失败。,"When two powerful opponents contend, one will inevitably be injured and defeated.",Social Military Politics,
ZH_0520,L,两雄不能并立,ZH,指两强在一起肯定要争斗，不可能两者同时并存。,Two powerful forces cannot coexist in the same place; they are bound to clash.,Social Military Politics,
ZH_0521,L,临阵磨枪，不快也光,ZH,枪：古时的一种兵器。快要上阵了才匆忙磨枪头，虽然不锋利，但也可以光亮一点。比喻平常不做谁备，遇到急事急忙应付。,"""Qiāng"" is an ancient weapon. Sharpening one's spear only at the last moment before battle — though not truly sharp, at least it gleams a little. This describes someone who normally makes no preparations and scrambles to cope only when urgency strikes.",Social Military Politics,
ZH_0522,L,令出山摇动，法严鬼神惊,ZH,政治军令下达连山都震摇，法令严明连鬼神都震惊。指军令国法人人都必须服从。,"When political and military orders are issued, even mountains shake; when laws are stern, even ghosts and spirits tremble. Military orders and national laws must be obeyed by everyone without exception.",Social Military Politics,
ZH_0523,L,六月六，家中猫犬水中浴,ZH,古时风俗，农历六月初六给猫狗洗浴以避免生虫虱。,"According to ancient custom, on the 6th day of the 6th lunar month, cats and dogs were bathed to prevent lice and parasites.",Social Military Politics,
ZH_0524,L,龙不离海，虎不离山,ZH,意指不能离开自己的权位或势力范围龙多旱，人多乱龙多了下不了雨，人多了会生乱。比喻人多了，做事情相互推诿，不尽职责，办事就没有效率。,"One must not leave one's position of authority or sphere of influence. Too many dragons cause drought; too many people cause disorder. When there are too many people in charge, everyone shirks responsibility and nothing gets done efficiently.",Social Military Politics,
ZH_0525,L,龙多靠，龙少涝,ZH,比喻人太多或者太少，都做不好事情。,Too many people or too few people — either extreme hinders getting things done well.,Social Military Politics,
ZH_0526,L,龙归沧海，虎入深山,ZH,意指各自回到可以展示自己才华的地方去。,Each person returns to the place where they can best display their talents.,Social Military Politics,
ZH_0527,L,龙生龙，凤生凤，老鼠养儿会打洞,ZH,意谓子女的秉性特点是由父母那里遗传来的，上一代什么样就会培养出什么样的下一代。,"Children's temperaments and traits are inherited from their parents; whatever the older generation is like, so too will the younger generation turn out.",Social Military Politics,
ZH_0528,L,龙生龙，虎生虎,ZH,比喻有什么样的父母，就会教养出什么样后代。,"Whatever the parents are like, such will be the children they raise.",Social Military Politics,
ZH_0529,L,龙无头不走，鸟无头不飞,ZH,龙没有头没法行走，鸟没有头没法飞翔。意谓不论做什么事情，都要有个带头的人。,"A dragon cannot move without its head; a bird cannot fly without its head. No matter the undertaking, there must always be someone to take the lead.",Social Military Politics,
ZH_0530,L,龙眼识珠，凤眼识宝，牛眼识青草,ZH,有眼力的人才能识别出优劣。换句话说，有眼光有水平的人见识就高，没眼光没水平的人见识就不高。,Only those with discerning eyes can distinguish the superior from the inferior. People of insight and ability see farther; those without see less.,Social Military Politics,
ZH_0531,L,龙游浅水遭虾戏，虎落平原被犬欺,ZH,龙游到浅水中会遭遇虾的戏弄老虎流落到平地上就会被狗欺侮。意指离开了必要条件，强者就会受制于弱者。,"A dragon stranded in shallow water is mocked by shrimp; a tiger fallen to the flatlands is bullied by dogs. Removed from the conditions they need, the strong become subject to the weak.",Social Military Politics,
ZH_0532,L,龙争虎斗，苦了小獐,ZH,意指两强相互争斗，受害的是弱小的笫三者。,"When two powerful forces battle each other, it is the weak third party that suffers most.",Social Military Politics,
ZH_0533,L,篱笆破，狗进来,ZH,比喻若防范不严谨，有漏洞，恶人就会乘虚而人，做坏事。,"If defenses are lax and there are loopholes, evildoers will exploit the gaps to do harm.",Social Military Politics,
ZH_0534,L,篱笆破，野狗攒,ZH,意指如果防范不严密，坏人就会钻空子。,"If precautions are not strict, bad people will find openings to exploit.",Social Military Politics,
ZH_0535,L,篱笆扎得紧，野狗钻不进,ZH,意指如果自己内部防范严密，坏人就没有机会可乘。,"If one's own internal defenses are tight, bad people will have no opportunity to take advantage.",Social Military Politics,
ZH_0536,L,篱牢犬不入,ZH,篱笆扎牢了，野狗就不会钻进去。比喻只要防备严密，坏人就没有钻空子的机会。,"When the fence is firmly built, stray dogs cannot squeeze through. As long as defenses are tight, villains have no gaps to exploit.",Social Military Politics,
ZH_0537,L,利器入手，不可假人,ZH,拿到手的锋利兵器不可以转借给他人。意谓手中掌握的权力不可以转让给他人。,A sharp weapon in hand must not be lent to another. Power that one holds must not be transferred to others.,Social Military Politics,
ZH_0538,L,利之所在，无所不趋,ZH,意谓人们总是会干方百计地到有利可图的地方去。,"People will always find ways, by hook or by crook, to go wherever there is profit to be had.",Social Military Politics,
ZH_0539,L,两姑之间难为妇,ZH,指夹在婆婆和姑娘之间的媳妇最不好当。泛指夹在两个地位高的人之间左右为难，上下不是。,"The daughter-in-law caught between her mother-in-law and her own daughter is in the hardest position of all. More broadly, being stuck between two superiors and unable to please either is an extremely awkward predicament.",Social Military Politics,
ZH_0540,L,利之薮，怨之府,ZH,薮：指人或物聚集的地方。指利益汇集、优厚的地方，往往就是人们怨尤集中的地方。,"""Sǒu"" means a place where people or things gather. Wherever benefits are concentrated and generous, that is also where grievances and resentments tend to converge.",Social Military Politics,
ZH_0541,L,烈火才见真金,ZH,指只有在烈火的锻炼中才能得到真正的黄金。比喻通过严峻的考验才可以发现品质优秀的人或意志坚强的人。,Only through the tempering of fierce flames can true gold be obtained. Only through severe trials can people of excellent character or unyielding will be discovered.,Social Military Politics,
ZH_0542,L,临崖勒马收缰晚，船到江心补漏迟,ZH,临：到。指已经走到悬崖边才记起停马收缰，就已经晚了。船已行使到江中央才想起补漏洞，就来不及了。比喻要及早发现问题，抓紧时间采取补救措施。,"""Lín"" means to arrive at. Remembering to rein in one's horse only at the edge of a cliff is already too late; thinking to patch a leak when the boat is already in mid-river is too late. One must discover problems early and take remedial action without delay.",Social Military Politics,
ZH_0543,L,留情不举手，举手不留情,ZH,动手就表明彼此之间的情面没法讲了。,Coming to blows means that all pretense of courtesy between the parties has been abandoned.,Social Military Politics,
ZH_0544,L,留下斗和秤，为的是公平,ZH,指古人留传下的斗和秤，目的是要人们公平办事，不徇私情。比喻处事应当公平。,The measures and scales passed down from the ancients were intended to ensure that people deal with one another fairly and impartially. One should handle affairs with fairness.,Social Military Politics,
ZH_0545,L,柳树上着刀，桑树上出血,ZH,意指代人受过。,Refers to taking the blame or punishment in someone else's place.,Social Military Politics,
ZH_0546,L,落架的凤凰不如鸡,ZH,意指高贵的人一旦没有权势，其身价连平常人都比不上。,"Once a person of high station loses power, their worth falls below even that of an ordinary commoner.",Social Military Politics,
ZH_0547,L,落他矮檐下，怎敢不低头,ZH,在低矮的屋檐下，只能低头走路。意指受制于他人的管束，就得忍气吞声。,"Under low eaves, one can only walk with bowed head. When under another's control, one must swallow one's pride and endure in silence.",Social Military Politics,
ZH_0548,L,六国贩骆驼,ZH,比喻四处钻空子谋利。,A metaphor for exploiting loopholes everywhere in pursuit of profit.,Social Military Politics,
ZH_0549,L,六耳不通谋,ZH,六耳：一人有两耳，三人为六耳。指不能与很多人一起策划机密事，否则会泄漏机密。,"""Six ears"": one person has two ears, so three people have six ears. Confidential plans must not be discussed among too many people, or the secret will be leaked.",Social Military Politics,
ZH_0550,L,路见不平，拔刀相助,ZH,意思是见义勇为的人，遇上不公平的事，敢于主持正义，帮助受欺负的人。,"A person who acts bravely for justice, upon encountering unfairness, dares to stand up for what is right and help those who are being oppressed.",Social Military Politics,
ZH_0551,L,路有千条，理只有一条,ZH,指道路可能有几干条，但真理却只有一个。,"There may be thousands of roads, but truth is only one.",Social Military Politics,
ZH_0552,L,露水见不得老太阳,ZH,指露水碰见太阳就消失了。比喻恶人不可能长时间存在。,Dew vanishes the moment it meets the sun. Evil people cannot endure for long.,Social Military Politics,
ZH_0553,L,箩里拣瓜，拣得眼花,ZH,喻指可做选择的太多，致使人不好拿定主意。,"When there are too many choices, it becomes difficult to make up one's mind.",Social Military Politics,
ZH_0554,L,乱世出英雄,ZH,混乱时代常能造就出英雄人物。,Times of chaos and turmoil often give rise to heroic figures.,Social Military Politics,
ZH_0555,L,乱世出英雄，阵前识好汉,ZH,乱世才能显示出英雄是谁，战场上才能识别好汉是谁。,Only in turbulent times can true heroes be revealed; only on the battlefield can genuine warriors be identified.,Social Military Politics,
ZH_0556,L,乱世多新闻,ZH,意指动乱年代流言蜚语也最多。,"In times of upheaval, rumors and slander are at their most abundant.",Social Military Politics,
ZH_0557,L,乱世显忠臣,ZH,意谓动乱年代可以考验一个人是否忠诚。,Turbulent times serve to test whether a person is truly loyal.,Social Military Politics,
ZH_0558,L,乱世群雄起，有枪便为王,ZH,在战乱的年代，只要掌握武装力量就能称王称霸。,"In an era of war and chaos, whoever commands armed force can dominate and rule.",Social Military Politics,
ZH_0559,L,萝卜拔了窝窝在，和尚走了庙子在,ZH,喻指人逃脱了，但家却搬不走。,"The person may escape, but the home cannot be moved away.",Social Military Politics,
ZH_0560,M,马放南山，刀枪入库,ZH,把马放归山里，武器放进仓库。意谓天下太平，没有战事。,Releasing the horses into the mountains and storing the weapons in the armory — the world is at peace and there is no more war.,Social Military Politics,
ZH_0561,M,马骑上等马，牛用中等牛，人使下等人,ZH,上等马：指跑得快的好马。中等牛：指温顺的牛。下等人：指不英明的人。古时富贵人家以为，骑马要骑上等良马，可以跑得快跑得远；用牛要用中等性情的牛，稳妥；使唤人要使唤那些不精明的人，才容易控制这说明了封建礼教的愚民思想。,"""Top-grade horse"" means a fast, excellent steed. ""Middle-grade ox"" means a docile, steady ox. ""Low-grade person"" means an unwise servant. In ancient times, wealthy families believed one should ride the finest horse for speed and distance, employ a middling ox for its steadiness, and use unclever servants because they are easier to control. This reflects the feudal ideology of keeping common people ignorant and compliant.",Social Military Politics,
ZH_0562,M,马屎凭官势,ZH,喻指地位卑微的人凭借官府的权力耀武扬威。,Refers to a person of lowly status who flaunts power and bullies others by relying on the authority of officialdom.,Social Military Politics,
ZH_0563,M,买静求安,ZH,指宁可多吃亏，也愿意求得平安无事。,One would rather suffer repeated losses than forfeit peace and safety.,Social Military Politics,
ZH_0564,M,瞒上不瞒下,ZH,真相不让上级了解，对下级却无所顾忌。,The truth is concealed from superiors while subordinates are treated without any restraint.,Social Military Politics,
ZH_0565,M,满城文运转，遍地是方巾,ZH,文运：本指文学盛衰的气运，此处指官运。方巾：明代读书人常戴的方形软帽。指一人侥幸科第，宗族姻亲并换儒巾。古时讥讽时弊之语。,"""Wényùn"" originally referred to the fortunes of literary achievement but here means official career fortune. ""Fāngjīn"" is the square soft cap commonly worn by Ming dynasty scholars. When one person is lucky enough to pass the imperial examinations, the entire clan and in-laws all change their caps in reflected glory. This was an ancient satirical quip about social ills.",Social Military Politics,
ZH_0566,M,猫不在家，老鼠造反,ZH,比喻管事的人离开了，下属就会胡来。,"When the person in charge leaves, subordinates will act recklessly and do as they please.",Social Military Politics,
ZH_0567,M,没了王屠，连毛吃猪,ZH,没有了屠户，就得吃带毛的猪肉。比喻如果没有内行知情的人，事情就不好办。,"Without a butcher, one would have to eat pork with the hair still on. Without a knowledgeable expert, things simply cannot be done properly.",Social Military Politics,
ZH_0568,M,没水不煞火,ZH,指没有水就不能控制或扑灭火。喻指没有钱就不能解决困难。也比喻如果没有合适的措施，就解染不了实际问题。,"Without water, fire cannot be controlled or extinguished. Without money, difficulties cannot be resolved. Without appropriate measures, real problems cannot be solved.",Social Military Politics,
ZH_0569,M,没有打虎将，过不得景阳冈,ZH,没有敢于奋勇拼搏的人，就熬不过难关。,"Without people who dare to fight courageously, one cannot endure through a crisis.",Social Military Politics,
ZH_0570,M,没有带头羊，羊群难过河；没有带头骡，马帮难得驮,ZH,比喻做事情必须有一个精明的领头人，否则不可能成功。,"To accomplish anything, there must be a shrewd and capable leader; otherwise success is impossible.",Social Military Politics,
ZH_0571,M,没有骡子驴顶着,ZH,比喻没有优秀的人才，只好先用稍差一点的人来凑合。,"Without excellent talent available, one must make do with slightly lesser people to fill the gap.",Social Military Politics,
ZH_0572,M,没有闪电，雷不会响；没有刮风，树不会摇,ZH,比喻事情的发生，总有相应的原因。,Every event that occurs has a corresponding cause behind it.,Social Military Politics,
ZH_0573,M,没有三板斧，上不了瓦岗寨,ZH,三板斧：瓦岗军将领程咬金的绝招。瓦岗寨：隋末翟让领导的农民起义军，以瓦岗寨【今河南滑县】为根据地。比喻如果没有克敌制胜的武器，难关就攻不破。,"""Three axe blows"" was the signature technique of Cheng Yaojin, a general of the Wagang army. The Wagang Stronghold was the base of the peasant uprising led by Zhai Rang at the end of the Sui dynasty, located in what is now Hua County, Henan. Without a decisive weapon to overcome the enemy, one cannot break through a difficult pass.",Social Military Politics,
ZH_0574,M,门前结起高头马，不是亲来也是亲,ZH,指人一旦有了势力，与自己没有亲属关系的人也都来攀附。也用于指奉承依附有权势的人。,"Once a person gains power and influence, even those with no family connection will come flocking to attach themselves. Also used to describe those who flatter and cling to the powerful.",Social Military Politics,
ZH_0575,M,门神老了不捉鬼,ZH,门神：旧俗指贴在门上用来驱邪逐鬼的神像。一边是秦叔宝的画像，一边是尉迟恭的画像。比喻人上年纪了，体力衰退，反应不灵敏，办不成大事。,"Door gods: in old custom, images posted on doors to ward off evil spirits — one side bearing the portrait of Qin Shubao, the other that of Yuchi Gong. This is used as a metaphor for someone who is old and declining in physical strength, slow in reflexes, and no longer capable of great deeds.",Social Military Politics,
ZH_0576,M,猛将军无刀杀不得人,ZH,勇猛的将军手中如果没有武器也杀不了敌人。意谓没有必要的条件，本事再大也不行。,"Even a brave general cannot slay enemies if he has no weapon in his hands. Without the necessary conditions, no amount of ability will suffice.",Social Military Politics,
ZH_0577,M,庙里猪头是有主的,ZH,古时在庙里常常用猪头作祭品供神或供祖先。常用来喻指女子已经有了婆家。,"In ancient times, pig heads were commonly used as sacrificial offerings to gods or ancestors in temples. This is often used figuratively to indicate that a woman already has a fiancé or husband.",Social Military Politics,
ZH_0578,M,妙药难医冤债病，横财不富命,ZH,穷人冤债病：冤鬼、债鬼纠缠的病。横财：用不正当手段谋取的钱财。指灵丹妙药治不了冤鬼、债鬼纠缠的病，不义之财不能使命中注定贫穷的人富裕起来。,"""Diseases caused by avenging ghosts and debt-spirits"" cannot be cured by any miracle drug; ill-gotten wealth cannot make a person destined for poverty become rich.",Social Military Politics,
ZH_0579,M,民不举，官不究,ZH,老百姓不检举揭发，官府就不会追究过问。,"If the common people do not report and expose wrongdoing, the authorities will not investigate or pursue it.",Social Military Politics,
ZH_0580,M,民乱则国破，国破则君主亡,ZH,老百姓乱套了，国家就会灭亡，君主就无法生存。,"When the common people fall into chaos, the nation will perish and the sovereign cannot survive.",Social Military Politics,
ZH_0581,M,民是国之本,ZH,民众是国家的立根之本。,The people are the very foundation upon which a nation stands.,Social Military Politics,
ZH_0582,M,民心不可侮,ZH,民众的意愿是不能轻视忽略的。,The will of the people must never be taken lightly or ignored.,Social Military Politics,
ZH_0583,M,民心丢失，源竭根枯,ZH,指失去民心就像水源干涸，树根千枯一样，必然会灭亡。,Losing the people's hearts is like water drying up at its source or a tree's roots withering — destruction inevitably follows.,Social Military Politics,
ZH_0584,M,朗里抱拳，暗中踢脚,ZH,"抱拳：一种礼节。比喻当面谦恭，却在背后攻击的两面派手法。换句话说,对那些当面很讲礼节，背厉作恶的伪善者，要小心提防。","""Clasping fists"" is a gesture of courtesy. This describes the two-faced tactic of being deferential to someone's face while attacking them from behind. One must be wary of hypocrites who are exceedingly polite in your presence but commit evil behind your back.",Social Military Politics,
ZH_0585,M,明镜可以照形，古事可以知今,ZH,历史是现今的镜子，应以历史为鉴。换句话说，明亮的镜子可以用做照形体，借鉴古代的事情可以用来认识现今。,History is a mirror for the present; one should take history as a lesson. A bright mirror can be used to examine one's appearance; studying ancient events can illuminate the present.,Social Military Politics,
ZH_0586,M,明枪易躲，暗箭难防,ZH,指公开的袭击容易对付，暗地里的算计不好防备。也指明面公开的攻击好应付，暗中潜藏的偷袭难于防备。,"Open attacks are easy to handle; covert schemes are difficult to guard against. A frontal assault can be parried, but a hidden ambush is hard to foresee and prevent.",Social Military Politics,
ZH_0587,M,明人不说暗话,ZH,指称赞光明磊落的人就说明语，隐匿难懂的话不说。,"Praising those who are open and upright means speaking plainly and clearly, without resorting to obscure or hidden language.",Social Military Politics,
ZH_0588,M,明人不儆暗事,ZH,指赞誉光明磊落的人，见不得人的话不说，见不得人的事不做。,"One should praise the straightforward and honorable: do not say what cannot be said openly, and do not do what cannot be done openly.",Social Military Politics,
ZH_0589,M,明有壬法，暗有神灵,ZH,指对于做坏事的人，明地里有国家王法，暗地里有神灵问罪。告诫人们不要胡作非为，胡乱来。,"For those who do evil: in the open, there is the law of the land to deal with them; in secret, there are divine spirits to pass judgment. This warns people not to act recklessly or lawlessly.",Social Military Politics,
ZH_0590,M,明中舍去暗中来,ZH,指明处用掉，丢失了，暗中又可以得到。,What is spent or lost openly may be recovered through hidden channels.,Social Military Politics,
ZH_0591,M,魔高一尺，道高一丈,ZH,"魔：梵语""魔罗""的简称，指破坏修行的恶魔，比如""烦恼、迷恋""等，也指邪气。道：道行,佛家修行的功夫，也指正气。原是佛教用语，告诫修行的人要警惕世俗的迷惑。后用来比喻正义力量总能战胜邪恶的势力。","""Mó"" is abbreviated from the Sanskrit ""Māra,"" referring to demons that obstruct spiritual cultivation — such as vexation, attachment, and other temptations — and more broadly to evil forces. ""Dào"" refers to the depth of one's spiritual practice and, by extension, to righteous force. Originally a Buddhist term cautioning practitioners against the seductions of the mundane world, it later came to express the idea that justice ultimately triumphs over evil.",Social Military Politics,
ZH_0592,M,末大必折，尾大不掉,ZH,树梢过重，树干必折；尾巴过大，意指部属势力过大，就不容易控制，产生威胁。,"When branches grow too heavy, the trunk will snap; when the tail grows too large, it cannot be wagged. When subordinates amass too much power, they become difficult to control and pose a threat.",Social Military Politics,
ZH_0593,M,谋官如鼠，得官如虎,ZH,谋取官位时如老鼠一样谨慎，取得官位时却如老虎一样凶悍。,"As cautious as a mouse when scheming to obtain office, but as fierce as a tiger once power is secured.",Social Military Politics,
ZH_0594,M,木偶不会自己跳，背后定有牵线人,ZH,指木偶会跳动，可以生动有神是因为幕后有人牵线操作。比喻某些人做坏事是因为背后有人指使操纵。,A puppet dances with lifelike animation because someone behind the curtain pulls the strings. Certain people commit evil because someone behind the scenes is directing and manipulating them.,Social Military Politics,
ZH_0595,M,木朽虫生，墙罅蚁入,ZH,罅：缝隙。意思是树木腐朽了，就容易生长蛀虫；墙壁有了裂缝，蚂蚁就可以乘隙而入。比喻内乱容易招来外患。,"""Xià"" means crack or crevice. When wood rots, it readily breeds boring worms; when walls develop cracks, ants can enter through the gaps. Internal decay easily invites external threats.",Social Military Politics,
ZH_0596,N,拿贼拿赃，拿奸拿双,ZH,抓贼时要抓住赃证，捉奸时要抓住男女双方。指查处违法者要重证据。,"When catching a thief, one must seize the stolen goods as evidence; when catching adulterers, one must catch both parties together. Investigating lawbreakers requires solid evidence.",Social Military Politics,
ZH_0597,N,男大当婚，女大当嫁,ZH,男女一旦到了婚嫁年龄就应该结婚成家。,"Once a man and woman reach marriageable age, they should marry and establish a household.",Social Military Politics,
ZH_0598,N,南人驾船，北人乘马,ZH,南方水多，大家就擅长驾船；北方陆地多，大家就擅长骑马。,"In the south where water is plentiful, people become skilled at boating; in the north where land dominates, people become skilled at horsemanship.",Social Military Politics,
ZH_0599,N,南甜北咸，东辣西酸,ZH,指每个地方的人长期养成的对食品味道的喜好不一样。,People in different regions develop different long-standing preferences for the flavors of food.,Social Military Politics,
ZH_0600,N,你有长箩索，人家有弯扁担,ZH,喻指别人的对策可能会更高明。,The other party's counterstrategy may prove even more brilliant than one's own.,Social Military Politics,
ZH_0601,N,你有你的关门计，我有我的跳墙法,ZH,喻指能针对不同的情况，采取具体的计策对应。,Refers to the ability to adopt specific tactics suited to different situations.,Social Military Politics,
ZH_0602,N,你有你的佛法，我有我的道行,ZH,意指各自都有各自的技能和本领，谁也不能制服了谁。,Each has their own skills and abilities; neither can subdue the other.,Social Military Politics,
ZH_0603,N,你有千条妙计，我有一定之规,ZH,意谓不论你说什么，我还是按我自己的原则做事,"No matter what you say, I will still act according to my own principles.",Social Military Politics,
ZH_0604,N,鸟随鸾凤飞能远，人伴贤良品自高,ZH,鸾凤：传说中凤凰一类的鸟。指普通的鸟追随着鸾凤，也可以飞很远；普通的人伴随着贤人，品格自然就会高尚。比喻接近善类，自然就会习染为善。,"""Luánfèng"" are legendary birds of the phoenix type. An ordinary bird following in the wake of a phoenix can fly far; an ordinary person keeping company with the wise will naturally become noble in character. Associating with good people naturally leads one to become good.",Social Military Politics,
ZH_0605,N,宁扶井杆，不扶井绳,ZH,井杆可以扶起来，但井绳却不行。比喻扶持人要扶持那些有能力自强自立的人。,"A well-sweep can be propped upright, but a well-rope cannot. When helping others stand on their own, support those who have the capacity for self-reliance.",Social Military Politics,
ZH_0606,N,宁管千军，莫管一夫,ZH,宁可掌管千军万马，也不愿掌管个自由散漫的人。,One would rather command a thousand troops than manage a single undisciplined person.,Social Military Politics,
ZH_0607,N,宁可信其有，不可信其无,ZH,指对于某些流言，宁可相信并可以做好准备应付。比喻对出现的事要做到有备无患。,"Regarding certain rumors, it is better to believe them and prepare accordingly. One should always be prepared for what may come.",Social Military Politics,
ZH_0608,N,宁给饥人一口，不给富人一斗,ZH,斗：容量单位，十升为一斗。指应资助急需帮助的人。喻指要济穷不济富。,"""Dǒu"" is a unit of volume; ten shēng make one dǒu. One should aid those in urgent need. Help the poor, not the rich.",Social Military Politics,
ZH_0609,N,宁骑烈马，不使懒牛,ZH,比喻宁可用难于驾驭的英才，也不用懒散无用的庸才。,It is better to employ brilliant but difficult-to-manage talent than lazy and useless mediocrities.,Social Military Politics,
ZH_0610,N,宁弃千军，不弃寸地,ZH,宁可牺牲千军万马，也不可以丢弃一寸土地。指维护国家领土的完整重于一切。,One would rather sacrifice a thousand soldiers than surrender a single inch of territory. Safeguarding national territorial integrity is paramount above all else.,Social Military Politics,
ZH_0611,N,宁绕十步远，不走一步险,ZH,宁可绕着走远路，也不贪图近而走险路。指旅行或行军要把安全放在首位。,It is better to take a longer detour than to risk a dangerous shortcut. Safety must come first in travel or military marches.,Social Military Politics,
ZH_0612,N,宁人负我，毋我负人,ZH,指宁可别人辜负我，我不能辜负别人。比喻品德高尚的人不会做对不起别人的事。,One would rather be let down by others than let others down. A person of noble character would never wrong another.,Social Military Politics,
ZH_0613,N,宁为太平犬，莫作离乱人,ZH,宁可做太平盛世的狗，也不做乱世中流离失所的人。指如果人生活在乱世，还不如狗。,"It is better to be a dog in a peaceful era than a displaced refugee in times of chaos. In turbulent times, a person's life is worse than a dog's.",Social Military Politics,
ZH_0614,N,宁为鸡口，无为牛后,ZH,鸡口：鸡进食的器官。牛后：牛的肛门。比喻宁可在一个小的集体内当家作主，也不愿在一个大集体里任人指挥摆布。,"""Chicken's beak"" is the organ through which a chicken feeds; ""ox's rear"" is the anus of an ox. It is better to be master of a small group than to be ordered about in a large one.",Social Military Politics,
ZH_0615,N,宁在直中取，不向曲中求,ZH,直：正直，正当。曲：弯曲，不正。指宁可走正当的途径去取得，也不愿走不正当的后路去求取。比喻正直的人做事走光明大道，不走歪门邪道。,"""Zhí"" means upright and proper; ""qū"" means crooked and improper. It is better to obtain something through proper channels than to seek it through underhanded means. An upright person takes the open road, never the crooked path.",Social Military Politics,
ZH_0616,N,鸟飞反乡，狐死首丘,ZH,"反：同""返""。首：头指向的方向。指鸟虽然飞得远，终究还是要返回旧巢；狐狸死时，总是把头朝着自己居住的山丘。比喻不忘本。","""Fǎn"" is the same as ""return""; ""shǒu"" refers to the direction one's head faces. Though a bird may fly far, it ultimately returns to its old nest; when a fox dies, its head always faces toward the hill where it lived. This means never forgetting one's origins.",Social Military Politics,
ZH_0617,N,牛头高，马头高,ZH,喻指互争高低。,Refers to competing with each other for superiority.,Social Military Politics,
ZH_0618,N,女大三，抱金砖,ZH,古时认为如果妻子比丈夫大三岁，丈夫的家业就会旺盛。,"In ancient times it was believed that if a wife was three years older than her husband, the family's fortunes would prosper.",Social Military Politics,
ZH_0619,P,跑了和尚跑不了庙,ZH,和尚：出家修行的男性佛教徒。庙：寺庙。指和尚逃跑了，寺庙不可能跑。比喻无法逃脱。换句话说，人可以跑掉，家产跑不掉，其他有牵连的人也不可能走掉。暂时应急的手段只能躲避一时，但最终还是逃脱不掉。,"""Monk"" refers to a male Buddhist who has renounced worldly life; ""temple"" refers to a monastery. The monk may run away, but the temple cannot. There is no ultimate escape. A person may flee, but property and associates cannot all disappear. Temporary expedients may provide momentary refuge, but in the end one cannot escape.",Social Military Politics,
ZH_0620,P,匹夫舍命，勇将难敌,ZH,一个人如果舍身拼命，再勇敢的将士也抵挡不住。意思是不怕死的人最勇敢。,"If one person fights with complete disregard for life, even the bravest generals cannot withstand them. Those who do not fear death are the most courageous of all.",Social Military Politics,
ZH_0621,P,批龙鳞易，捋虎须难,ZH,批：刮。捋：用手握住向另一端滑动。指刮龙的鳞片不难，摸老虎的胡须却难。又指皇帝是真龙天子，敢于苴言规劝；权臣好比老虎，不敢顶撞得罪。,"""Pī"" means to scrape; ""lǚ"" means to slide one's grip along something. Scraping a dragon's scales is not difficult, but stroking a tiger's whiskers is. The emperor, being the true dragon and Son of Heaven, can be admonished with frank counsel; but a powerful minister is like a tiger — one dares not offend him.",Social Military Politics,
ZH_0622,P,便宜不过当家,ZH,"便宜：好处，利益。过：错过。当家：本家,自家。指利益不能落到不担干系的人手中。换句话说，有好处要让自己人受益，不能便宜了别人.","""Piányi"" means benefit or advantage; ""guò"" means to miss or pass by; ""dāngjiā"" means one's own family. Benefits must not fall into the hands of those who bear no responsibility. In other words, advantages should benefit one's own people and not be given away to outsiders.",Social Military Politics,
ZH_0623,P,便宜不落外方,ZH,便宜：实惠好处。指得便宜的事只能落在自家人手里。,"""Piányi"" means practical benefit. Advantages should only go to one's own people.",Social Military Politics,
ZH_0624,P,偏听生奸，独任成乱,ZH,偏听偏信，导致产生邪恶的人；独断专行，容易造成混乱的局面。,Listening only to one side leads to the rise of evil people; acting dictatorially easily creates chaotic situations.,Social Military Politics,
ZH_0625,P,平地里起风波,ZH,比喻纠纷或争斗突然发生。,A metaphor for a dispute or conflict erupting suddenly and unexpectedly.,Social Military Politics,
ZH_0626,Q,骑马寻马,ZH,比喻就在身边，却到处寻找。也比喻同时干两项工作。还比喻在保住已到手的地位或利益的同时，寻找更好的去处。,"A metaphor for something being right at hand yet searching everywhere for it. Also describes doing two things simultaneously, or seeking better opportunities while holding onto what one already has.",Social Military Politics,
ZH_0627,Q,棋逢对手，将遇良才,ZH,下棋时碰到高手，打仗时遇到良将。意指双方力量才智差不多。,Meeting a master at chess; encountering a fine general in battle. Both sides are roughly equal in strength and wit.,Social Military Politics,
ZH_0628,Q,棋逢对手难相胜，将遇良才不敢骄,ZH,指强者遇到强者，难以取胜，彼此不敢相互轻视。,"When a strong player meets another strong player, neither can easily prevail, and neither dares look down upon the other.",Social Military Politics,
ZH_0629,Q,棋高一着，缚手缚脚,ZH,"着：下棋时走一步或下一子称""一着"" 。缚：捆绑。指同棋艺高的人下棋，总感觉手脚如同被捆住了一样，水平不能发挥。换句话说，跟实力高于自己的对手竞争，明显处于劣势，感觉受到约束限制，才能施展不出来。","""Zhāo"" in chess means one move or placing one piece. ""Fù"" means to bind. Playing against a superior chess player, one always feels as though one's hands and feet are tied and cannot perform at one's best. Competing against someone stronger than oneself, one is clearly at a disadvantage, feeling constrained and unable to display one's true abilities.",Social Military Politics,
ZH_0630,Q,旗开得胜，马到成功,ZH,战旗一展开就取得了胜利，战马到就取胜。意指事情发展迅速顺利。,The battle flag unfurls and victory is won; the war horse arrives and triumph follows. Things develop swiftly and smoothly.,Social Military Politics,
ZH_0631,Q,千变万变，官场不变,ZH,指古时官场积弊根深蒂固，很难改变。,The deep-rooted corruption of ancient officialdom was extremely difficult to change.,Social Military Politics,
ZH_0632,Q,千兵易得，一将难求,ZH,招募一千个士兵不难，求得一个将领却很难。指优秀的将领不容易求得。,"Recruiting a thousand soldiers is not difficult, but finding one good general is. Excellent commanders are hard to come by.",Social Military Politics,
ZH_0633,Q,千差万差来人不差,ZH,即使有千条错万条错，被派来谈判的人本身是没有过错的。,"Even if there are a thousand wrongs and ten thousand errors, the person sent to negotiate bears no fault in themselves.",Social Military Politics,
ZH_0634,Q,千锤成利器，百炼成纯钢,ZH,锋利的刀剑是锤打出来的，成色好的钢是反复炼制而成的。意指人的技能须经过反复磨炼才能获取。,A sharp blade is hammered into shape; fine steel is forged through repeated smelting. A person's skills must be refined through repeated practice and tempering.,Social Military Politics,
ZH_0635,Q,千槌打锣，一槌定音,ZH,比喻人们纷纷议论的时候，由一人作出最后决定，也叫千人打鼓，锤定音。,"When many people are discussing and debating, one person makes the final decision — also called ""a thousand people beat the drum, but one hammer strike sets the tone.""",Social Military Politics,
ZH_0636,Q,千金难买回头看,ZH,比喻回顾反思有好处，做过的事情要及时总结经验教训，发扬优点纠正错误，有利于下一步改进工作方法，提高工作质量。换句话说，及时回顾、反思 、总结往事，受益匪浅。,"Looking back and reflecting is beneficial. One should promptly review past actions, draw lessons from experience, carry forward strengths, correct mistakes, and thereby improve working methods and raise the quality of work. In other words, timely reflection and summarization of the past yields great benefit.",Social Military Politics,
ZH_0637,Q,千金难买天下稳,ZH,指社会安定最为可贵难得。,Social stability is the most precious and rare of things.,Social Military Politics,
ZH_0638,Q,千金用兵，百金求间,ZH,意指在作战时离间双方相当重要千口吃饭，主事一人意思是一个团体中总得有一个管事的人。,"In warfare, driving a wedge between the two sides is critically important. ""A thousand mouths to feed, but one person manages affairs"" — in any group there must be someone in charge.",Social Military Politics,
ZH_0639,Q,千里不同风，百里不共雷,ZH,千里之内不会吹相同方向吹来的风，百里之内也不会同响一声雷。意思指地域不一样，风俗、事物也各不一样。,"Within a thousand lǐ, the wind does not blow from the same direction; within a hundred lǐ, thunder does not sound the same. Different regions have different customs and conditions.",Social Military Politics,
ZH_0640,Q,千里不同风，百里不同俗,ZH,千里之内不会吹相同风向的风百里之内也不存在完全一样的风俗习惯。意指地域不一样，风俗迥异。,"Within a thousand lǐ, the wind does not blow the same way; within a hundred lǐ, customs are never exactly alike. Different regions have vastly different customs.",Social Military Politics,
ZH_0641,Q,千里馈粮，士有饥色；樵苏后炊，师不宿饱,ZH,馈粮：运输粮食。樵苏：打柴割草。宿饱：晚饭吃得饱，到第二天晨还不饿。指千里运粮，士兵们显出饥饿的脸色；打下柴草再做饭，队伍里不可能有隔夜饱。也指后勤供给困难，就会影响到士兵们的健康状况与精神风貌。,"""Kuìliáng"" means transporting grain; ""qiáosū"" means gathering firewood and cutting grass; ""sùbǎo"" means eating a full dinner that lasts until the next morning. Transporting grain over a thousand lǐ leaves soldiers looking hungry; if they must gather firewood before cooking, the army can never be full from the previous night's meal. Difficult logistics will affect soldiers' health and morale.",Social Military Politics,
ZH_0642,Q,千里做官，为的吃穿,ZH,意谓千里去做官，图的是吃好穿好。,"Traveling a thousand lǐ to take up an official post, the aim is simply to eat well and dress well.",Social Military Politics,
ZH_0643,Q,干年的野猪老虎的食,ZH,指野猪寿命再长，最后还是被老虎吃掉了。喻指弱者始终逃脱不掉被强者吞食的命运。,"No matter how long a wild boar lives, in the end it is devoured by the tiger. The weak can never ultimately escape being consumed by the strong.",Social Military Politics,
ZH_0644,Q,千年文约会说话,ZH,指年代巳久的字据、协约就是凭证。,Documents and agreements that have stood for a long time serve as proof and evidence.,Social Military Politics,
ZH_0645,Q,千钱赊不如八百现,ZH,赊：赊欠，延期交付。现：现金。指卖东西时赊欠一千块钱，还不如现场交清八百块钱划算。喻指实实在在地现场得到好处，比后来预期的好处更为可信。,"""Shē"" means to buy on credit with deferred payment; ""xiàn"" means cash. Selling something for a thousand on credit is not as good as receiving eight hundred in cash on the spot. Tangible benefits received now are more reliable than expected benefits in the future.",Social Military Politics,
ZH_0646,Q,千人唱，万人和,ZH,一千个人领唱，上万个人就响应起来合唱。意指响应的人很多。,"A thousand people begin to sing, and ten thousand join in chorus. Many people respond and follow.",Social Military Politics,
ZH_0647,Q,千人吃药，一人还钱,ZH,还：偿付。指很多人买药，让一个人来结账。也指让一个人回报大家所得到的好处。比喻大家得到的好处，都是因为同一个人。,"""Huán"" means to repay. A thousand people buy medicine but have one person settle the bill. Also means having one person repay the benefits received by all. Everyone's gains come from the same source.",Social Military Politics,
ZH_0648,Q,千人拉弦，一人定音,ZH,在团体演奏中，总得有一个人担任指挥。意谓大家意见再多，总得有一个最后拍板的。,"In an ensemble performance, there must be one conductor. No matter how many opinions there are, someone must have the final say.",Social Military Politics,
ZH_0649,Q,千人诺诺，不如一士谔谔,ZH,很多人唯唯诺诺非常顺从，远比不上有一个人能直言争辩。意谓要善于听取不同的意见。,A thousand people nodding in agreement is far less valuable than one person who dares to speak frankly and argue. One should be willing to listen to dissenting opinions.,Social Military Politics,
ZH_0650,Q,千日练兵一日用,ZH,长期练兵是为了情况紧急时派上用场。,Training soldiers over a long period is for the purpose of deploying them when urgent need arises.,Social Military Politics,
ZH_0651,Q,千闻不如一见,ZH,指听上一千次，比不上亲眼看见一次真实可靠。喻指亲身观察体会远比道听途说好。,Hearing something a thousand times is not as reliable as seeing it once with one's own eyes. Personal observation and experience are far superior to hearsay.,Social Military Politics,
ZH_0652,Q,千羊在望，不如一兔在手,ZH,在望：视线以内，能够看见。指眼前有一千只羊，也不能与实际得到的一只兔子相比。喻指末来有可能获得很多的好处，也不如已经到手的好处实惠。,"""Zàiwàng"" means within sight, visible. Even a thousand sheep before one's eyes cannot compare with one rabbit actually in hand. Future potential gains, no matter how great, are not as practical as benefits already secured.",Social Military Politics,
ZH_0653,Q,千阵万阵，难买头阵,ZH,指临阵打仗，头阵影响非常大，不得不打好。,"In battle, the first engagement has enormous impact and must be fought well.",Social Military Politics,
ZH_0654,Q,牵着不走，打着倒退,ZH,意指人窝囊没有出息，对他施加压力也不管用。,"If a person is spineless and lacks ambition, applying pressure on them is useless.",Social Military Politics,
ZH_0655,Q,前人栽树，后人乘凉,ZH,指前人辛辛苦苦种树，得益的是后人。比喻前人为后人造福。换句话说，前一辈人创业，后一代人便可享福。,The previous generation toils to plant trees so that later generations may enjoy the shade. The predecessors create blessings for those who come after. The older generation establishes the enterprise; the younger generation reaps the benefits.,Social Military Politics,
ZH_0656,Q,遣将不如激将,ZH,用强硬的手段差遣将领参战比不上激将之法管用。,Using force to order generals into battle is less effective than using the strategy of provocation to motivate them.,Social Military Politics,
ZH_0657,Q,强将手下无弱兵,ZH,英勇的将领手下没有怯懦的士兵。意谓能干的人手下没有弱者。,Under a brave general there are no cowardly soldiers. A capable leader has no weak followers.,Social Military Politics,
ZH_0658,Q,强迫不成买卖，强求不成夫妻,ZH,指如果用强迫的手段，很难办成事情。,"If compulsion is used, it will be very difficult to accomplish anything.",Social Military Politics,
ZH_0659,Q,桥归桥，路归路,ZH,比喻互不牵连，分得十分清楚。换句话说，完全相反的事物，不可以混淆在一起。,A metaphor for things being completely unrelated and clearly separated. Completely opposite matters must not be confused with one another.,Social Military Politics,
ZH_0660,Q,清官不到头,ZH,指古时清官受到金钱的诱惑，也会下水，做不到底。也指清官不同流合污，必受到同僚嫉妒，保不住官位。,"In ancient times, even upright officials could be tempted by money and ""fall into the water,"" unable to remain clean to the end. Also, an official who refuses to go along with corruption will be resented by colleagues and may not keep their position.",Social Military Politics,
ZH_0661,Q,清官出不得吏人手,ZH,清正廉洁的官员很难被贪赃枉法的属吏所蒙蔽。,A truly honest and upright official is difficult for corrupt subordinates to deceive.,Social Military Politics,
ZH_0662,Q,清官难出猾吏手,ZH,指无论官员多么清正廉明，最终也逃脱不了奸猾下属的陷阱。喻指官员自己虽然很想清廉，但最终受到属吏的蒙蔽，被拉下水去，还是做了贪官。,"No matter how upright an official may be, they ultimately cannot escape the traps set by cunning underlings. Though the official personally wishes to remain clean, they are eventually deceived by subordinates, dragged down, and become corrupt themselves.",Social Military Politics,
ZH_0663,Q,蜻蜒吃尾自吃自,ZH,实际上是自己吃自己的东西。,"In reality, one is eating one's own food — spending one's own resources.",Social Military Politics,
ZH_0664,Q,晴天开水道，须防暴雨时,ZH,晴天开水沟目的是为了下暴雨时排水畅通。意指遇到事情要提前做好准备。,"Digging drainage ditches on sunny days ensures that when heavy rain comes, water flows away smoothly. One must prepare in advance for problems.",Social Military Politics,
ZH_0665,Q,请将不如激将,ZH,激将军出马比请将军出马更管用。也泛指求人做事，正言恳求比不上反话激他。,"Provoking a general into action is more effective than politely requesting their service. More broadly, when asking someone to do something, reverse psychology works better than earnest, straightforward entreaty.",Social Military Politics,
ZH_0666,Q,请来镇山神，不怕妖作怪,ZH,比喻有了可以依靠的力量，就不恐惧与自己作对的力量。,"Once one has a reliable force to depend on, one need not fear opposing forces.",Social Military Politics,
ZH_0667,Q,穷寇莫追,ZH,对于溃败的残敌，不要逼得太紧，防止其反扑，造成更大的损失。,"Do not press a defeated and retreating enemy too hard, lest they turn and counterattack, causing even greater losses.",Social Military Politics,
ZH_0668,Q,曲木恶直绳，重罚恶朋证,ZH,曲木：弯曲的木头。恶：憎恶，害怕。直绳：木匠用来打直线的墨绳。重罚：指受到严厉惩处。明证：确凿的证据。指曲木惧怕用墨线来衡量罪犯惧怕用确凿的证据来定罪。比喻行为不轨、为非作歹的人畏惧严明公正的法律。,"""Qūmù"" means crooked wood; ""wù"" means to fear; ""zhíshéng"" is the carpenter's ink line used to draw straight lines; ""zhòngfá"" means severe punishment; ""míngzhèng"" means solid evidence. Crooked wood fears the ink line's measure; criminals fear being convicted on solid evidence. Those who behave crookedly and commit evil deeds fear strict and just law.",Social Military Politics,
ZH_0669,Q,拳头上无眼,ZH,用拳头打人时往往会造成对方受伤。,Striking someone with a fist often results in injury to the other party.,Social Military Politics,
ZH_0670,R,让一让二，不能让三让四,ZH,忍让是有一定限度的。,Tolerance and forbearance have their limits.,Social Military Politics,
ZH_0671,R,惹祸招灾，问罪应该,ZH,指一个人如果犯法，按道理应该受到法律制裁。,"If a person breaks the law, they should by rights face legal punishment.",Social Military Politics,
ZH_0672,R,人不害人身不贵，火不烧山地不肥,ZH,古时指人必须通过损害别人的利益才能攀附上高贵的地位。,In ancient times it was said that one must harm others' interests in order to climb to a position of high status.,Social Military Politics,
ZH_0673,R,人不得全，瓜不得圆,ZH,人不可能十全十美，就同瓜没有绝对的圆一样。,"No person can be perfect in every way, just as no melon is perfectly round.",Social Military Politics,
ZH_0674,R,人不离乡，鸟不离枝,ZH,指人不愿意离开自己的家乡，就像鸟儿离不开树枝一样。说明人们都留恋自己的故土。,"People are unwilling to leave their homeland, just as birds cannot leave their branches. This illustrates how people are attached to their native soil.",Social Military Politics,
ZH_0675,R,人不凭嘴，狗不凭尾,ZH,指看一个人不能光凭他嘴上说得好，如同看一条狗不能光看尾巴摇得欢一样。,"When judging a person, one cannot rely solely on their fine words, just as when judging a dog, one cannot rely solely on how eagerly it wags its tail.",Social Military Politics,
ZH_0676,R,人多出韩信,ZH,意思是人多智谋多，集中大家的智慧就会如有韩信那样的才能一样。,"When many people pool their wisdom, together they can match the genius of Han Xin. Collective intelligence is formidable.",Social Military Politics,
ZH_0677,R,人多出圣人,ZH,指众人中肯定有德高望重的人。,"Among a multitude of people, there are surely those of great virtue and high prestige.",Social Military Politics,
ZH_0678,R,人恶人怕天不怕，人善人欺天不欺,ZH,指恶入虽然猖狂，让人畏惧，但老天爷不怕他；善良的人虽然受欺侮，但老天爷不欺负他。比喻天道公平，恶人必受惩罚，好人得到庇护换句话说，上天是公平的，不偏袒恶人也不欺负好人。,"Though a wicked person may be fearsome and rampant, Heaven does not fear them; though a kind person may be bullied, Heaven does not bully them. Heaven is fair: the wicked are punished and the good are protected. In other words, Heaven is impartial — it neither favors the wicked nor oppresses the good.",Social Military Politics,
ZH_0679,R,人逢佳节倍思亲,ZH,指人每逢过年过节时，都会情不自禁地更加想念自己远方的亲人或朋友。,"During festivals and holidays, people cannot help but miss their distant relatives and friends all the more.",Social Military Politics,
ZH_0680,R,人贵见机,ZH,"见机：看机会,看形势。指人的难得之处在于能够做到见机行事。换句话说，人能够做到见机行事是最为难得的。","""Jiànjī"" means to read the situation and seize the opportunity. What is most admirable in a person is the ability to act according to circumstances. In other words, the ability to adapt one's actions to the situation is a most rare and valuable quality.",Social Military Politics,
ZH_0681,R,人贵有自知之明,ZH,指人的难得之处在于对自己有个合适的评价。,What is most admirable in a person is having an accurate assessment of oneself.,Social Military Politics,
ZH_0682,R,人见利而不见害，鱼见食而不见钩,ZH,指人贪图眼前短暂的利益而不顾及后果。,Refers to people who covet short-term gains without considering the consequences.,Social Military Politics,
ZH_0683,R,人绝粮必死，鱼无水自亡,ZH,指人没有粮，鱼没有水，都必死无疑。常用来指粮草是部队的生命线，粮草一断，部队自乱。,"A person without grain and a fish without water will both surely die. This is often used to express that provisions are the lifeline of an army — once supplies are cut, the army collapses from within.",Social Military Politics,
ZH_0684,R,人苦不自知,ZH,指人很难正确地认识自己、评价自己。,It is very difficult for people to know and evaluate themselves accurately.,Social Military Politics,
ZH_0685,R,人马未动，粮草先行,ZH,指带兵参战，必须先粮草充足也指拥有充足的粮草，是打胜仗的先决条件。,"When leading troops into battle, one must first ensure adequate provisions. Having sufficient supplies is a prerequisite for winning battles.",Social Military Politics,
ZH_0686,R,人命关天,ZH,指有关人命的案子不可轻视，应当重视。,Cases involving human life must not be taken lightly and should be treated with the utmost seriousness.,Social Military Politics,
ZH_0687,R,人怕理，马怕鞭，蚊虫怕火烟,ZH,怕：服从。指入服从于真理，如同马听从马鞭子指挥，蚊虫害怕火烟熏一样。也指人会在真理面前屈服比喻做事只有合乎天理，大家才能遵守执行。,"""Pà"" here means to submit to. People submit to reason just as horses obey the whip and mosquitoes flee from smoke. People will yield before truth. Only when actions accord with natural justice will everyone comply.",Social Military Politics,
ZH_0688,R,人平不语，水平不流,ZH,"指人受到公平待遇，心平气和，自然不会有怨言，如同平稳的水,不会流动一样。比喻只要做事公道，就没有人指手画脚。","When people are treated fairly, they are calm and content, and naturally have no complaints — like still water that does not flow. As long as things are handled justly, no one will find fault.",Social Military Politics,
ZH_0689,R,人情归人情，公道归公道,ZH,指不可以因为顾及情面而丢掉公道。,One must not sacrifice fairness for the sake of personal relationships.,Social Military Politics,
ZH_0690,R,人情似铁，官法如炉,ZH,指人的情面如同铁一样，法律如同熔炉一般。比喻法律不容徇私。换句话说，人虽然讲情面，但在法律面前就不可以徇私情，要秉公办事。,"Personal connections are like iron, but the law is like a furnace. The law tolerates no favoritism. Though people value personal ties, before the law one must not show partiality but must act impartially.",Social Military Politics,
ZH_0691,R,人随王法草随风,ZH,王法：封建时代的国家法律，泛指法令。意思是人遵照王法办事，就如同野草随着风向摆动一样。比喻遵从法律做事，是天经地义的事情，不容置疑。,"""Wángfǎ"" refers to the national laws of feudal times, and more broadly to all legal statutes. People following the law is as natural as grass bending with the wind. Obeying the law is a matter of course beyond question.",Social Military Politics,
ZH_0692,R,人无害虎心，虎没伤人意,ZH,害：伤害。指人没有伤害老虎的心思，老虎也就不会有伤人的举动。比喻要远离坏人，避免惹祸上身。也比喻自己不去伤害别人，别人也就不会伤害自己，即人不犯我，我不犯人。,"""Hài"" means to harm. If a person has no intention of harming a tiger, the tiger will have no cause to attack. One should stay away from dangerous people to avoid bringing trouble upon oneself. Also: if one does not harm others, others will not harm oneself — ""if others do not offend me, I will not offend them.""",Social Military Politics,
ZH_0693,R,人无前后眼,ZH,人往前看时，身后发生的事就看不到。意指暗算难防或事情的结果难以预料。,"When a person looks forward, they cannot see what happens behind them. Sneak attacks are hard to guard against, and outcomes are hard to foresee.",Social Military Politics,
ZH_0694,R,人无前后眼，祸害一千年,ZH,指人做事若没有考虑周全，就可能贻害无穷。,"If one does not think things through thoroughly, the consequences may be endless.",Social Military Politics,
ZH_0695,R,人无头不行，鸟无翅不腾,ZH,比喻无论做何事都必须有带头的人人无头不走，雁无头不飞指一个团队没有人带头就没法行动；一个雁群没有头雁就不可以远飞。,"No matter what is being done, there must be someone to take the lead. Without a leader, people cannot move forward; without a lead goose, the flock cannot fly far.",Social Military Politics,
ZH_0696,R,人无远虑，必有近忧,ZH,人如果没有长远的打算和目标，就不容易避开眼前的忧患。,"If a person has no long-term plans or goals, they will find it difficult to avoid immediate troubles.",Social Military Politics,
ZH_0697,R,人无笼头拿纸拴,ZH,人无笼头约束，但立下契约字据却能够拴住人。指契约字据具备法律效力。,"A person has no physical halter, but a signed contract or written agreement can bind them. Written contracts have the force of law.",Social Military Politics,
ZH_0698,R,人心似铁，官法如炉,ZH,指人的意志即便如铁一样坚强，也受不了如熔炉一样的刑律。喻指铁落进熔炉就熔化，人再刚强，也要屈从于无情的法律。,"Even if a person's will is as strong as iron, it cannot withstand laws as fierce as a furnace. Iron melts in a furnace; no matter how tough a person is, they must submit to the impartial force of law. ",Social Military Politics,
ZH_0699,R,人行千里，不战自弱；马行千里，不战自疲,ZH,指长距离行军是最大的自我消耗，属兵家的大忌。,Long-distance marching is the greatest form of self-consumption and a cardinal taboo in military strategy.,Social Military Politics,
ZH_0700,R,人一走，茶就凉,ZH,指人一旦失去权势和地位，人们也就冷落他了。,"Once a person loses power and position, people will treat them coldly and distance themselves.",Social Military Politics,
ZH_0701,R,人有贵贱，不可概论,ZH,古时指人的身份地位有贵贱之分，不可以等同对待。,"In ancient times, people were divided by rank and status into noble and lowly, and could not be treated as equals.",Social Military Politics,
ZH_0702,R,人有几等人，佛有几等佛,ZH,指世人有等次级别之分，佛同世人一样，地位级别也互不一样。,"People in the world are divided into ranks and grades; Buddhas, like mortals, also differ in status and level from one another.",Social Military Politics,
ZH_0703,R,人直不富，港直不深,ZH,指爽直的人不可能富裕，就如同港道笔直的地方水浅一样。换句话说，人要是正直无私，就不会发财致富，就如同港口太直，水就会很浅一样。,"A frank and straightforward person cannot become wealthy, just as a harbor with a perfectly straight channel has shallow water. If one is upright and selfless, one will not amass riches, just as when a harbor is too straight, its water runs shallow.",Social Military Politics,
ZH_0704,R,认理不认人，不怕不了事,ZH,指只讲道理不讲人情，就能办好事情。换句话说，做事情要是不讲私情，只讲原则道理，就可以解决问题。,"If one relies solely on reason without regard for personal feelings, things can be handled well. Doing things by principle alone, without private favoritism, solves problems.",Social Military Politics,
ZH_0705,R,任它狗儿怎样叫，不误马儿走大道,ZH,指任凭狗在路旁狂叫，马照样奔跑在大道上。也比喻不管别人怎么说难听的话，也阻挡不住大家顺着正确的道路继续走下去。换句话说，不管坏人如何找事破坏，也阻挡不了正义事业的前进。,"Let the dog bark by the roadside — the horse continues galloping along the highway. No matter what ugly things others say, nothing can stop people from continuing along the correct path. No matter how troublemakers try to interfere, they cannot halt the advance of a just cause.",Social Military Politics,
ZH_0706,R,日月虽明，不照覆盆之内,ZH,喻指世间总有冤案存在。,There will always be unjust cases in the world.,Social Military Politics,
ZH_0707,R,日间不作亏心事，夜半敲门不吃惊,ZH,月间：白天。夜半：半夜。指白天不做违背良心的事情，半夜里有人来敲门也用不着害怕。比喻不做损害别人的事情，自己心里踏实，知道不会惹人憎恨，所以遇事仍能镇定自如。意在告诉人们，不做恶事，就可以平安无事。,"""Yuèjiān"" means daytime; ""yèbàn"" means midnight. If one does nothing against one's conscience during the day, one need not fear a knock on the door at midnight. Those who do no harm to others have a clear conscience and remain calm in all situations. The message: do no evil, and you shall live in peace.",Social Military Politics,
ZH_0708,R,肉烂在汤锅里,ZH,比喻不受损失，利益依然存在。,"A metaphor for suffering no loss, with one's interests remaining intact.",Social Military Politics,
ZH_0709,R,肉眼不识神仙,ZH,肉眼：普通人的眼睛。比喻普通人识别不出能干的人物或优秀的人才。,"""Ròuyǎn"" means the eyes of an ordinary person. Ordinary people cannot recognize capable individuals or outstanding talent.",Social Military Politics,
ZH_0710,R,如入宝山空手回,ZH,比喻本来可以大有收获结果却一无所得。,"A situation where great gains were possible, yet nothing at all was obtained.",Social Military Politics,
ZH_0711,R,入国问禁，入里问俗,ZH,"到别人的国家,要先了解禁令；到别人的家乡，要先了解风俗习惯。","When entering another country, first learn its prohibitions; when visiting another's hometown, first learn the local customs.",Social Military Politics,
ZH_0712,R,入门休问荣枯事，观着容颜便得知,ZH,荣枯：荣耀和失意。指进了门就不要问人家境遇的好坏，只看主人的容颜便可得知。也指通过人的脸色可判断出人的境遇得失或人的心境如何。,"""Róngkū"" means glory and adversity. Once inside the door, do not ask about the host's fortunes — just look at their expression and you will know. A person's facial expression reveals their circumstances and inner state of mind.",Social Military Politics,
ZH_0713,R,入田观稼，从小看大,ZH,观稼：观察禾苗的长势。指到田地里观察禾苗的生长情况，就能预料到庄稼长成后是否丰收。比喻事情的发展变化，都会有征兆，从微小处能够看到显著之处，从目前情况可以预测未来。也比喻通过征兆可预测出结果。,"""Guānjià"" means observing the growth of crops. By going to the fields and observing how the seedlings grow, one can predict whether the harvest will be abundant. The development of events always shows signs; from the small one can perceive the great, and from the present one can predict the future. Through signs and portents, outcomes can be foreseen.",Social Military Politics,
ZH_0714,R,入乡随俗,ZH,到了一个地方，就要尊重和顺从当地的风俗人情。,"When one arrives at a place, one should respect and conform to the local customs and social norms.",Social Military Politics,
ZH_0715,R,若要有前程，莫做没前程,ZH,如果要想让自己的前程美好，就不要做妨碍前程的事。,"If you wish your future to be bright, do not do things that obstruct your prospects.",Social Military Politics,
ZH_0716,R,若要捕小鸟，先与闻甘歌,ZH,指要想逮小鸟，先得用美妙的歌声诱惑它上钩。比喻要想制服对方，先得投其所好，引诱对方上钩。,"To catch a small bird, one must first lure it with a beautiful song. To subdue an opponent, one must first cater to their preferences and entice them to take the bait.",Social Military Politics,
ZH_0717,R,若依佛法，冷水莫呷,ZH,呷：喝。如果依照佛教法规，连冷水都不可以喝。意指修养德性不必过于拘泥，可以灵活运用。,"""Xiā"" means to drink. If one follows Buddhist regulations to the letter, one cannot even drink cold water. Cultivating virtue need not be overly rigid — it can be applied flexibly.",Social Military Politics,
ZH_0718,S,三个臭皮匠，顶个诸葛亮,ZH,臭皮匠：指普通人。指人多能够集思广益，智慧多多。,"""Chòupíjiàng"" (臭皮匠) refers to ordinary people. When many people put their heads together, they can pool their wisdom and generate many ideas.",Social Military Politics,
ZH_0719,S,三教元来是一家,ZH,三教：儒教、道教、佛教。元来：原来。在中国的文化中，儒、道、佛所宣扬的教义相差无几，三位一体。,"The Three Teachings are Confucianism, Daoism, and Buddhism. ""Yuánlái"" means ""originally"" or ""as it turns out."" In Chinese culture, the doctrines propagated by Confucianism, Daoism, and Buddhism differ very little and form a trinity.",Social Military Politics,
ZH_0720,S,三军易得，一将难求,ZH,三军士兵容易招募组织，而一名将领却不易找到意指优秀人才难求。,"It is easy to recruit and organize an army of three divisions, but finding one good general is difficult. Outstanding talent is hard to come by.",Social Military Politics,
ZH_0721,S,三路公人六路行,ZH,人心不齐，步调不一致。,People's hearts are not united; their steps are not in unison.,Social Military Politics,
ZH_0722,S,三请诸葛亮,ZH,意指诚心诚意邀请他人。,Refers to sincerely and earnestly inviting someone.,Social Military Politics,
ZH_0723,S,三拳敌不过四手,ZH,意思是人少比不过人多。,Meaning that few people cannot compete against many.,Social Military Politics,
ZH_0724,S,三日无粮不聚兵,ZH,部队三天没有食物，士兵就会解散。也借指如果物资供应不上一个团体就可能会散伙。,"If an army goes three days without food, the soldiers will disband. By extension, if material supplies cannot keep up, any group may fall apart.",Social Military Politics,
ZH_0725,S,三声鼓响，不如雷吼一声,ZH,比喻普通人的干言万语，比不上关键人物的一句话。,The thousands of words spoken by ordinary people cannot compare with a single sentence from a key figure.,Social Military Politics,
ZH_0726,S,三岁至老,ZH,指通过三岁时的表现就可以判断出年老时的状态。换句话说，从年幼时观察其表现，就可以得知长大后会是什么样。,"From a child's behavior at age three, one can predict what they will be like in old age. In other words, by observing someone's conduct in early childhood, one can foresee what they will become as an adult.",Social Military Politics,
ZH_0727,S,三十六计，走为上计,ZH,三十六：虚指，形容很多。指在事情无法挽回的局势下，最好的办法是拍拍屁股走人。,"""Thirty-six"" is used loosely to mean ""many."" When a situation is beyond salvaging, the best strategy is to simply leave.",Social Military Politics,
ZH_0728,S,三天不打，上房揭瓦,ZH,比喻有些人只要受到的打击不多，就会无法无天。,"Some people, as long as they haven't been hit hard enough, will act lawlessly and without restraint.",Social Military Politics,
ZH_0729,S,三条腿的蛤蟆没见过，两条腿的人有的是,ZH,多指男女择偶不用发愁，可以按自己的意愿挑选。也指招募人员不必担心来源不够。,Mostly refers to men and women not needing to worry about finding a spouse — they can choose according to their own wishes. Also means one need not worry about insufficient sources when recruiting personnel.,Social Military Politics,
ZH_0730,S,僧不离寺，道不离观,ZH,僧：和尚。道：道士。和尚不能离开寺庙，道士不能离开道观。常用来比喻人不能擅自离开自己的岗位。,"""Sēng"" means Buddhist monk; ""dào"" means Daoist priest. A monk cannot leave the temple; a Daoist priest cannot leave the monastery. Often used as a metaphor that a person should not arbitrarily abandon their post.",Social Military Politics,
ZH_0731,S,杀兵不如惩将,ZH,指为了严明纪律，惩罚士兵不如处罚将领。也指处罚要自上而下，才有威慑力。,"To enforce strict discipline, it is better to punish the general than to punish the soldiers. Punishment must flow from the top down to have deterrent power.",Social Military Politics,
ZH_0732,S,杀鸡给猴看,ZH,指在猴子面前杀鸡，给猴子看。警示人们：惩罚某些人，目的是吓唬那些不遵纪守法的人，让他们老实一点。比喻惩罚一个人用以警告其他的人。,"Killing a chicken in front of monkeys to frighten them. This warns people: punishing certain individuals serves to intimidate those who do not obey rules and laws, making them behave. It is a metaphor for punishing one person as a warning to others.",Social Military Politics,
ZH_0733,S,杀老牛莫之敢尸,ZH,尸：主持。指杀掉对农家贡献很大的老牛，无人敢做主。比喻残害国家老臣，无人能担当起责任。,"""Shī"" means to preside over. Killing the old ox that has contributed greatly to the farming household — no one dares take responsibility for such a decision. A metaphor for harming veteran statesmen of the nation, for which no one can bear the responsibility.",Social Military Politics,
ZH_0734,S,杀了头，碗大的疤,ZH,指砍头了，脖子上仅仅是个碗大的伤疤而己。古时的愤激语。比喻视死如归，对死亡不在乎。,"After beheading, there is merely a bowl-sized scar on the neck — that's all. This was an expression of fierce defiance in ancient times, meaning one regards death as nothing to fear.",Social Military Politics,
ZH_0735,S,杀人偿命，欠债还钱,ZH,指杀人要抵命，欠债要还钱。换句话说，犯什么罪就应受到什么惩罚;借债就应该如数偿还。,"Killing someone requires paying with one's life; owing a debt requires repayment. In other words, whatever crime one commits should receive corresponding punishment, and debts must be repaid in full.",Social Military Politics,
ZH_0736,S,杀人可恕，情理难容,ZH,恕：宽恕、原谅。指宁可宽恕杀人的行为，也不能容忍伤天害理的作为。,"""Shù"" means to forgive or pardon. One would rather forgive an act of killing than tolerate conduct that offends Heaven and harms moral principles.",Social Military Politics,
ZH_0737,S,杀人一万，自损三千,ZH,打仗时杀死敌人一万人，自己也会损伤三千人。也指战争中胜方同样也有损失。比喻要想取得成绩，自己必须付出一定的代价。,"Killing ten thousand of the enemy in battle will cost three thousand of one's own. Victory in war always comes with losses on the winning side as well. To achieve results, one must be willing to pay a certain price.",Social Military Politics,
ZH_0738,S,纱帽底下无穷汉,ZH,纱帽：借指当官。指做官的没有穷人。比喻古时当官的没有谁不是靠搜刮民脂民膏发家致富的，即使同官沾一点亲都不会受穷受苦。,"""Shāmào"" (gauze cap) is a metonym for holding office. No official is poor. In ancient times, no official failed to enrich himself by exploiting the common people's wealth — even those only distantly connected to an official would not suffer poverty.",Social Military Politics,
ZH_0739,S,山高皇帝远,ZH,指高层权力管不到偏远的地方。,The power of those at the top cannot reach remote and distant places.,Social Military Politics,
ZH_0740,S,山鸡不敢上配凤凰,ZH,山鸡：雉，野鸡。凤凰：传说中的百鸟之王。指山鸡不敢同凤凰匹配比喻地位低下的人家没有能力高攀名门贵族。,"""Shānjī"" is a pheasant or wild chicken; ""fènghuáng"" is the legendary king of all birds. A pheasant dares not match itself with a phoenix — meaning a person of low status has no ability to attach themselves to a noble and prestigious family.",Social Military Politics,
ZH_0741,S,山鸡飞起来好打，兔子跑起来好打,ZH,比喻敌人暴露身份后才容易消灭。,An enemy is easier to destroy once they have revealed their identity.,Social Military Politics,
ZH_0742,S,山上无大树，茅草招大风,ZH,指没有大树，只能让茅草来抵挡大风的侵袭。比喻没有杰出的人才，只能让平凡人去代替他。,"Without a great tree, one can only let thatch grass block the wind's assault. Without outstanding talent, one can only let ordinary people serve as substitutes.",Social Military Politics,
ZH_0743,S,山有顶，路有头,ZH,指山再高也有顶，路再遥远也有尽头。比喻任何事物都有终点。,"No matter how high a mountain is, it has a peak; no matter how far a road stretches, it has an end. Everything has its limit.",Social Military Politics,
ZH_0744,S,山有山神，庙有庙主,ZH,指每个地方都有管事的人。,Every place has someone in charge of affairs.,Social Military Politics,
ZH_0745,S,山中无好汉，猢狲称霸王,ZH,意指在没有优秀人才的地方，平凡的人就能出人头地了。,"In a place without outstanding talent, an ordinary person can rise above the rest.",Social Military Politics,
ZH_0746,S,杉木尾子做不了正梁,ZH,杉木尾子：杉树木材的末段。比喻小人物不能做大事情。,"""Shānmù wěizi"" refers to the inferior end-section of fir timber. A metaphor meaning that insignificant people cannot accomplish great things.",Social Military Politics,
ZH_0747,S,闪他闷棍着他棒,ZH,喻指躲避不开打击。,A metaphor meaning one cannot dodge or avoid an attack.,Social Military Politics,
ZH_0748,S,善人在患，弗救不祥；恶人在位，不去亦不祥,ZH,善良的人有困难而不去救他，邪恶的人当权而不罢免他，都是国家的灾祸。,"If a good person is in difficulty and no one rescues them, or if an evil person holds power and no one removes them — both are calamities for the nation.",Social Military Politics,
ZH_0749,S,善猪恶拿,ZH,指即使是稍微驯服的猪，也得用狠劲去抓。比喻应付敌手不能心慈手软，不可轻敌。,"Even a somewhat tamed pig must be seized with great force. When dealing with an adversary, one cannot be soft-hearted or take the enemy lightly.",Social Military Politics,
ZH_0750,S,上边梁正下边直,ZH,比喻只要长辈或领导以身作则，其他人就不可能有越轨行为。,"As long as elders or leaders set a good example, others will not dare to act out of line.",Social Military Politics,
ZH_0751,S,上边千条线，下边一口针,ZH,指基层得完成上级各个部门安排的各项任务。常用来讽刺政令繁琐，给下级增添不必要的负担。,The grassroots level must complete all tasks assigned by various higher departments. This is often used to satirize overly complex government directives that place unnecessary burdens on subordinates.,Social Military Politics,
ZH_0752,S,上不紧，则下慢,ZH,指办理公务，上边抓不紧，下边的人就会行动缓慢。,"If those above do not push hard, those below will be slow to act.",Social Military Politics,
ZH_0753,S,上不正，下参差,ZH,上面不正，下面就会有问题。指上级人物不正派，下级就会效仿。,"If those above are not upright, those below will have problems. When superiors are improper, subordinates will follow their example.",Social Military Politics,
ZH_0754,S,上交不谄，下交不渎,ZH,意指与上级交往不谄媚奉承，与下级交往不高傲怠慢。,"In dealing with superiors, one should not flatter; in dealing with subordinates, one should not be arrogant or dismissive.",Social Military Politics,
ZH_0755,S,上粱不正下梁歪,ZH,上粱没有上正，下梁肯定倾斜。比喻上面的人作风不正派，下面的人就会跟风变坏。,"If the upper beam is not set straight, the lower beam will certainly tilt. When those at the top have improper conduct, those below will follow suit and become corrupt.",Social Military Politics,
ZH_0756,S,上马管军，下马管民,ZH,意指权力很大，文武大权都集中到一个人身上。,"Refers to having enormous power, with both civil and military authority concentrated in one person's hands.",Social Military Politics,
ZH_0757,S,上明不知下暗,ZH,指即便上级贤明，也不十分清楚下级官员的黑暗之处。比喻身居高位的人不易得知百姓的疾苦。,"Even if superiors are wise, they cannot fully understand the dark deeds of their subordinates. Those in high positions find it difficult to learn of the people's suffering.",Social Military Politics,
ZH_0758,S,上命差遣，概不由己,ZH,意思是受上级的差遣，自己不能做主。,Meaning one acts under the orders of superiors and cannot make one's own decisions.,Social Military Politics,
ZH_0759,S,上求材，臣残木；上求鱼，臣干谷,ZH,君主要木材，臣子就得砍光树林；君主要吃鱼，臣子就得抽干鱼塘的水。指只要君主有所喜好，佞臣就会不计后果，全力奉迎。,"If the ruler wants timber, ministers must clear the forests; if the ruler wants fish, ministers must drain the ponds. As long as the ruler has preferences, sycophantic ministers will spare no consequence to cater to them fully.",Social Military Politics,
ZH_0760,S,上人不好，下人不要,ZH,好：喜欢。意指上级没有喜好，下级就不用去搜刮。比喻地位在上的人如果不喜欢某个东酉，他的下属就不会去寻找。,"""Hào"" means to like or prefer. If superiors have no particular preferences, subordinates need not go searching and scraping. When those above do not desire something, those below will not seek it out.",Social Military Politics,
ZH_0761,S,上山敢打虎，下海敢擒龙,ZH,喻指英勇无畏，勇往直前上山问樵，下水问渔指要知道某方面的情况，就必须向有实践经验的人请教。,"A metaphor for being fearless and brave, charging forward without hesitation. ""Ask woodcutters about the mountain; ask fishermen about the water"" — to learn about a certain area, one must consult those with practical experience.",Social Military Politics,
ZH_0762,S,上什么山，打什么柴；进什么庙，念什么经,ZH,遇到不同的情况，要随机应变，见机行事。,"When encountering different situations, one must adapt flexibly and act according to circumstances.",Social Military Politics,
ZH_0763,S,上台容易下台难,ZH,指上任容易，但卸任时能有好的业绩却很难。,"Taking up a post is easy, but leaving it with a good record of achievement is difficult.",Social Military Politics,
ZH_0764,S,上有所好，下必甚焉,ZH,意谓上司有什么喜好，属下为投其所好就会喜爱得更加厉害。,"Whatever the superior likes, the subordinates — eager to curry favor — will pursue with even greater enthusiasm.",Social Military Politics,
ZH_0765,S,上有天堂，下有苏杭,ZH,苏杭：指苏州、杭州，历史上著名的繁荣城市。指苏州 、杭州的景色 、物产可以跟神话传说中的天堂相媲美，是人们最理想的居住地方。,"""Sū-Háng"" refers to Suzhou and Hangzhou, historically famous prosperous cities. The scenery and products of Suzhou and Hangzhou rival the paradise of legend, making them the most ideal places to live.",Social Military Politics,
ZH_0766,S,上有样，下跟帮,ZH,指上边好的言行是下面学习的榜样。,The good words and deeds of those above serve as models for those below to learn from.,Social Military Politics,
ZH_0767,S,烧的纸多，惹的鬼多,ZH,纸：指祭神时烧的纸钱。指许诺给别人的钱财越多，找上门来的人也越多，麻烦就会越多。比喻给人钱财多，导致上门来找麻烦的人更多了。,"""Zhǐ"" refers to paper money burned as offerings to spirits. The more money promised to others, the more people come knocking, and the more trouble follows. Giving people too much money causes even more people to come seeking favors.",Social Military Politics,
ZH_0768,S,艄公多了打烂船,ZH,掌舵的人太多了，就会弄坏船喻指管事的人多了，意见不统一，反而会把事情搞砸。,"Too many helmsmen will wreck the boat. When too many people are in charge and opinions are not unified, things will actually be ruined.",Social Military Politics,
ZH_0769,S,蛇走无声，奸计无影,ZH,喻指凶猛的敌人和阴险的诡计无声无形，难于防御。,"A metaphor meaning that fierce enemies and insidious schemes are silent and invisible, making them difficult to defend against.",Social Military Politics,
ZH_0770,S,舍不得金弹子，打不了凤凰来,ZH,指不愿付出大的代价，就获不得好的收益。也指不付出一定的代价，就没法成事情。,"Without being willing to pay a large price, one cannot gain good returns. Without a certain investment, nothing can be accomplished.",Social Military Politics,
ZH_0771,S,舍不得孩子，套不住狼,ZH,"比喻不作出一定的牺牲，就不能打败对手。又喻指不付出高的代价,就不会得到大的收益。","Without making certain sacrifices, one cannot defeat an opponent. Without paying a high price, one will not reap great rewards.",Social Military Politics,
ZH_0772,S,社稷兴亡，匹夫有责,ZH,社稷：指国家。匹夫：指平常人。意谓国家的兴亡，与每个人都有关。,"""Shèjì"" means the nation; ""pǐfū"" means an ordinary person. The rise and fall of the nation concerns every single person.",Social Military Politics,
ZH_0773,S,射人先射马，擒贼须擒王,ZH,指想要射死骑马的人，先得射死马；想要捉拿贼寇，须先得捉拿贼寇的首领。也指对敌作战要击中要害。比喻解决问题要抓住问题的关键所在。,"To shoot the rider, first shoot the horse; to capture bandits, first capture their leader. In fighting an enemy, one must strike at the vital point. When solving problems, one must grasp the key issue.",Social Military Politics,
ZH_0774,S,身处江湖，心存魏阙,ZH,魏阙：古时宫门外的阙门，喻指朝廷。自己在偏远的地方，但心中却思念着朝廷。意谓忧国忧民。,"""Wèiquè"" refers to the gate-towers outside the palace in ancient times, symbolizing the imperial court. Though one's body is in a remote place, one's heart yearns for the court — meaning to be concerned about the nation and its people.",Social Military Politics,
ZH_0775,S,伸手三分利，不给也够本,ZH,指只要动手就会得到好处和收益。,"As long as one takes action, one will gain benefits and returns.",Social Military Politics,
ZH_0776,S,身正不怕影子斜,ZH,指身子正就不担心影子是倾斜的。比喻自己行为端正，就不怕他人说三道四。换句话说，行为正派的人不怕他人的造谣诽谤。,"If one's body is upright, one need not fear that one's shadow is crooked. A person whose conduct is proper need not fear others' gossip. An upright person is unafraid of slander and rumors.",Social Military Politics,
ZH_0777,S,神山佳话多,ZH,神仙居住的地方，传颂的奇闻逸事就会多一点。,"Where immortals dwell, there are naturally more wondrous tales and legends to tell.",Social Military Politics,
ZH_0778,S,神仙打仗，凡人遭殃,ZH,比喻上级人物争夺取利，倒霉的却是下面的普通人。,"When those above struggle over profits, it is the ordinary people below who suffer.",Social Military Politics,
ZH_0779,S,生成的豆芽长不成树,ZH,如果人从生下来就小小家子气，长大也不会有大出息。,"If a person is petty and small-minded from birth, they will not amount to much when grown.",Social Military Politics,
ZH_0780,S,生看衣衫熟看人,ZH,"指第一次见面是从穿着上来识别人的身份，了解后却是从人品上来评价一个人。换句话说,不了解的人，第一次相识，是通过对方的穿着，猜测他的身份；相识以后，就要看他的为人。","Upon first meeting, one judges a person by their clothing to determine their identity; after getting to know them, one evaluates them by their character. When meeting a stranger for the first time, one guesses their status from their attire; once acquainted, one looks at their personal conduct.",Social Military Politics,
ZH_0781,S,生铁不炼不成钢,ZH,铁不经冶炼不会成钢。意指人如果不经过艰难困苦的磨炼，就不会成为有用的人才。,Iron that is not smelted will not become steel. A person who does not undergo the tempering of hardship and adversity will not become a useful talent.,Social Military Politics,
ZH_0782,S,胜负乃兵家常事,ZH,打仗是胜还是败，是用兵的人常常会碰到的事情。多指世上没有常胜将军，不能因暂时的失败而垂头丧气。,Victory and defeat are common occurrences for those who lead armies. There is no general who wins every battle; one must not lose heart over temporary setbacks.,Social Military Politics,
ZH_0783,S,省事不如省官,ZH,删减事务，不如裁减官员。指官僚系统过于庞大，会影响工作效率。,"Rather than cutting tasks, it is better to cut officials. An overly bloated bureaucracy will undermine work efficiency.",Social Military Politics,
ZH_0784,S,十分惺惺使五分,ZH,惺惺：机灵，聪明。指聪明才智不能用完，必须留有余地。,"""Xīngxīng"" means clever and sharp. Clever wits should not be exhausted completely; one must always leave some in reserve.",Social Military Politics,
ZH_0785,S,十谒朱门九不开,ZH,谒：拜见。朱门：红漆大门，喻指富贵人家。指进人官府很困难。说明如果朝有钱人家借贷，常常会碰壁。,"""Yè"" means to pay a formal visit; ""zhūmén"" (red-lacquered gates) is a metonym for wealthy and noble households. Entering the gates of officialdom is extremely difficult. Trying to borrow money from rich families often results in being turned away.",Social Military Politics,
ZH_0786,S,十个嘴把式，顶不住一个手把式,ZH,指能说的人再多，也比不上一个能做事的人。,"No matter how many people can talk, they cannot compare with one person who can actually do things.",Social Military Politics,
ZH_0787,S,十个衙门九个赃,ZH,指古时的官府大部分都有贪污受贿的污点。,"In ancient times, most government offices had some taint of corruption and bribery.",Social Military Politics,
ZH_0788,S,食尽鸟投林，树倒猢狲散,ZH,指食物吃完了，鸟儿各自飞回树林里；大树倒下了，猢狲各自找各自的去处。比喻一旦权势衰败，依附的人便会立刻离之远去。,"When the food is gone, birds each fly back to the forest; when the great tree falls, the monkeys scatter to find their own way. Once power and influence decline, those who depended on it will immediately distance themselves.",Social Military Politics,
ZH_0789,S,拾了根袜带，配穷了人家,ZH,指捡到一根袜带，还得有袜子配，有了袜子还得有衣裳配，袜子又比较容易破，结果反而使家里变得更贫穷。比喻所得到的不能补偿所失去时，也就是得不偿失。,"Picking up a sock-band means one needs socks to match it, and having socks means one needs clothing to go with them, and socks wear out easily — so the household actually becomes poorer. What is gained cannot compensate for what is lost; the costs outweigh the benefits.",Social Military Politics,
ZH_0790,S,拾得篮里便是莱,ZH,比喻不分好坏，将就着凑合。,A metaphor for not distinguishing good from bad and just making do with whatever is available.,Social Military Politics,
ZH_0791,S,识破人情便是仙,ZH,指能洞察常人心态的人就是十分高明的人。比喻如果会洞察人情世故，就好比神仙一样快活自在。,"One who can see through the common human mind is an extremely wise person. If one understands the ways of the world, one will be as carefree as an immortal.",Social Military Politics,
ZH_0792,S,识时务者为俊杰,ZH,"时务：指当时的局势或时代潮流。指对目前的事务能作出理智、正确的判断,才是优秀的人。换句话说，能分清眼前的形势，顺应事情的发展规律，才是出众的人才。","""Shíwù"" means the current situation or trends of the times. One who can make rational and correct judgments about present affairs is a truly outstanding person. Those who can read the current situation and follow the natural course of events are exceptional talents.",Social Military Politics,
ZH_0793,S,使功者不如使过,ZH,利用有功的人，不如利用犯过错误的人。指犯过错误的人一旦改过悔新后会更加勤奋，而有功的人容易居功自傲。,"It is better to employ someone who has made mistakes than someone who has achieved merit. Those who have erred, once reformed, will work even harder, while those with achievements tend to rest on their laurels.",Social Military Politics,
ZH_0794,S,使勤不使懒,ZH,使用手脚勤快的人，不使用懒惰的人。,"Employ the diligent, not the lazy.",Social Military Politics,
ZH_0795,S,势乖奴欺主，时衰鬼弄人,ZH,"乖：反常，违背常理。指没有了权势以后,连奴才都会欺负主人，运气不好时连鬼都来耍弄人。常用来形容人失势、倒霉时的境遇。比喻没有了权势就会受人欺负。","""Guāi"" means abnormal or contrary to reason. Once one loses power, even servants will bully the master; when luck turns bad, even ghosts come to toy with a person. This describes the plight of someone who has lost influence. Without power, one will be bullied.",Social Military Politics,
ZH_0796,S,世治用文，世乱用武,ZH,意谓国家安定，重用文臣；天下动乱，重用武将。,"In times of national stability, civil officials are valued; in times of upheaval, military generals are relied upon.",Social Military Politics,
ZH_0797,S,世治则礼详，世乱则礼简,ZH,太平盛世，则礼仪周全；天下动荡，则礼仪从简。指礼乐教化要跟着时势环境的变化而变化，一成不变行不通。,"In peaceful and prosperous times, ceremonies are elaborate; in times of turmoil, rituals are simplified. Ritual and moral education must adapt to changing circumstances — remaining unchanged will not work.",Social Military Politics,
ZH_0798,S,是骡是马，牵出来遛遛,ZH,比喻一个人的能力有多大，不能只听他说的，要看他的实际能力。,"To know how capable a person truly is, one cannot just listen to what they say — one must observe their actual abilities.",Social Military Politics,
ZH_0799,S,手软打不死老虎,ZH,打虎得心狠手硬。比喻惩罚坏人，不可以心慈手软。,Fighting a tiger requires ruthless determination. Punishing evildoers must not be done with a soft heart.,Social Military Politics,
ZH_0800,S,手中没把米，叫鸡鸡不来,ZH,指要想使他人听从自己的指挥，必须给别人实惠。比喻没有实实在在的好处，就吸引不了他人。,"To make others follow one's command, one must offer them tangible benefits. Without real advantages, one cannot attract others.",Social Military Politics,
ZH_0801,S,守法朝朝乐，欺公日日忙,ZH,奉公守法每天都快乐，损公肥己每天都提心吊胆。,Those who serve the public interest and obey the law are happy every day; those who line their pockets at public expense live in constant fear.,Social Military Politics,
ZH_0802,S,寿不压职,ZH,指年龄大的威望比不过官职高的权势。,The prestige of age cannot compare with the authority of high office.,Social Military Politics,
ZH_0803,S,受尧之诛，不能称尧,ZH,尧：上古开明的君主。诛：惩罚。称：夸赞。被尧惩罚过的人不可能夸赞尧的圣明。指被自己处置过的人不会夸赞自己。,"""Yáo"" was an enlightened ruler of high antiquity; ""zhū"" means to punish; ""chēng"" means to praise. A person punished by Yao would never praise Yao's sagacity. Those whom you have disciplined will never praise you.",Social Military Politics,
ZH_0804,S,书生治兵，十城九空,ZH,书生领兵打仗一定不会打胜仗。比喻没有实践经验的人办事不容易成功。,A bookish scholar leading troops into battle will certainly not win. Those without practical experience will have difficulty succeeding at their tasks.,Social Military Politics,
ZH_0805,S,蜀中无大将，廖化作先锋,ZH,廖化：三国蜀将。三国后期，蜀名将相继死亡，后主让廖化做先锋，成为杰出的人物。意谓没有优秀人才，平庸之辈也能侥幸成名。,"Liào Huà was a general of Shu during the Three Kingdoms period. In the later period of Shu, famous generals died one after another, and the last ruler made Liào Huà the vanguard, elevating him to prominence. This means that when outstanding talent is lacking, even mediocre people can gain fame by chance.",Social Military Politics,
ZH_0806,S,树大荫遮阴,ZH,指树大树冠也大，大家可以乘凉。比喻有权势依靠着，可得到好处。,A large tree has a large canopy under which many can find shade. Having a powerful patron to rely on brings benefits.,Social Military Politics,
ZH_0807,S,树大阴凉大,ZH,指树大枝叶繁茂，遮挡阳光的面积也大。比喻家大业大，花费也大。也比喻地位高，权势显赫，能庇护的面积就大。,"A large tree with dense foliage blocks sunlight over a wide area. A large family enterprise has large expenses. Also: the higher one's position and the greater one's power, the more people one can shelter.",Social Military Politics,
ZH_0808,S,树大招风，名高招忌,ZH,比喻名声过大，容易惹人嫉妒就好比树大了容易遭到风吹一样。,"Excessive fame easily invites jealousy, just as a tall tree easily catches the wind.",Social Military Politics,
ZH_0809,S,树倒猢狲散,ZH,比喻有权有势的人一旦倒台，依附的人或势力便会离之远去。,"Once a powerful person falls from power, all those who depended on them will quickly distance themselves.",Social Military Politics,
ZH_0810,S,树高不能撑着天,ZH,比喻权势再大也有一定的限度。,"No matter how great one's power, it has definite limits.",Social Military Politics,
ZH_0811,S,树怕软藤缠,ZH,指软藤缠树，能缠死树手段照样能降服强硬的对手。,"Soft vines wrapping around a tree can strangle it to death. Gentle, persistent methods can likewise subdue a formidable opponent.",Social Military Politics,
ZH_0812,S,树欲静而风不息,ZH,指树想平静，但风却一直吹得它摇晃。比喻人们想要平静的生活，可邪恶的势力经常一直捣乱。,"The tree wishes to be still, but the wind keeps blowing it about. People desire a peaceful life, but evil forces constantly cause trouble and disruption.",Social Military Politics,
ZH_0813,S,树长千尺，叶落归根,ZH,指树再高，叶子落下来总是要归到根上。比喻长期漂泊外地的人，终归要返回家乡。,"No matter how tall a tree grows, its fallen leaves always return to the roots. Those who have long wandered far from home will ultimately return to their native place.",Social Military Politics,
ZH_0814,S,竖起招兵旗，不怕没有吃粮人,ZH,只要竖起招兵的大旗，就会有人来参加。比喻只要有人号召，就有人立马响应。,"As long as the recruitment banner is raised, people will come to enlist. Wherever there is a call, there will immediately be a response.",Social Military Politics,
ZH_0815,S,摔了个跟头，拾了个明白,ZH,比喻受到一次挫折，就会获得一次经验教训拴住人，拴不住心，指人的精神不可能约束。,"One setback yields one lesson learned. ""You can tie up a person's body but not their heart"" — the human spirit cannot be constrained.",Social Military Politics,
ZH_0816,S,水沟不通四处流,ZH,水流渠道不通畅，水就会到处漫流。也比喻不疏导人们的思想，民怨就会升温沸腾。,"If drainage channels are not clear, water will overflow everywhere. Similarly, if people's thoughts are not properly guided, popular resentment will heat up and boil over.",Social Military Politics,
ZH_0817,S,水过地皮湿,ZH,比喻由于经手某事而从中获得好处。也比喻敷衍了事。还比喻事情过去之后，没有造成很大的影响。,"A metaphor for gaining some benefit by handling a matter — water passing over one's hands leaves them wet. Also means doing something perfunctorily. Or that after something passes, it leaves no great impact.",Social Military Politics,
ZH_0818,S,水火不相容,ZH,比喻双方互相对峙严重。也比喻对峙的双方不能和平共处。,A metaphor for both sides being locked in a serious standoff. Also means two opposing parties cannot coexist peacefully.,Social Military Politics,
ZH_0819,S,水流千里归大海,ZH,指不管水流多远，最后都要流进大海。比喻漂流在异乡的人，终归要回到家乡去。,"No matter how far water flows, it ultimately enters the sea. Those drifting in foreign lands will eventually return to their homeland.",Social Military Politics,
ZH_0820,S,水清石自见,ZH,"见：通""现"" 。水清澈，水中的石头自然会显露，就能看见。比喻周边环境好了，复杂的关系理出头绪了，比喻软事情才能真相大自。换句话说，事情终归可以水落石出，真相大白的。","""Jiàn"" is interchangeable with ""xiàn"" (to appear). When water is clear, stones at the bottom naturally become visible. When the surrounding environment improves and tangled relationships are sorted out, the truth of matters will become apparent. In other words, things will eventually come to light — the truth will emerge.",Social Military Politics,
ZH_0821,S,水清无大鱼,ZH,指水太清了不能养大鱼。也比喻主政者过分苛察会得不到人心。,Water that is too clear cannot sustain large fish. A ruler who is overly exacting in scrutiny will lose the people's hearts.,Social Military Politics,
ZH_0822,S,水至清则无鱼，官太清则无利,ZH,指水太清了养不成鱼，官太清了捞不到好处。,Water too clear cannot support fish; an official too clean cannot gain any advantage.,Social Military Politics,
ZH_0823,S,水中捞月一场空,ZH,比喻自费工夫，一无所获。,A metaphor for wasted effort with nothing to show for it.,Social Military Politics,
ZH_0824,S,顺德者昌，逆德者亡,ZH,德：仁德，德行。意谓符合道行的就会昌盛兴旺，违逆道行的就要灭亡。,"""Dé"" means benevolence and virtue. What accords with the Way will flourish; what goes against the Way will perish.",Social Military Politics,
ZH_0825,S,顺天者昌，逆天者亡,ZH,古时认为不能违背天意，顺应它就会生存昌盛，违背它就会导致灭亡。,"In ancient belief, one must not defy Heaven's will — conforming to it brings survival and prosperity; defying it leads to destruction.",Social Military Politics,
ZH_0826,S,说谎不瞒本乡人,ZH,指在当地人面前说谎是要露馅的。换句话说，谎话骗不过知道内情的人。,Telling lies in front of local people will be exposed. Falsehoods cannot deceive those who know the true situation.,Social Military Politics,
ZH_0827,S,说破的鬼不害人,ZH,比喻阴谋诡计一旦识破，就不能再害人了。,"Once a conspiracy is seen through, it can no longer harm anyone.",Social Military Politics,
ZH_0828,S,私凭文书官凭印,ZH,指私人交往要以书信为凭证，官方往来要以公文印章为凭据，办事要有依据。换句话说，不管是公是私办事都需要凭证。,"Private correspondence requires written letters as proof; official dealings require documents and seals as evidence; all affairs require a basis. Whether public or private, everything needs proper documentation.",Social Military Politics,
ZH_0829,S,死店活人开,ZH,店是固定不变的，而开店的人、开店的手段却是多种多样的。比喻事在人为，要见机行事。,"The shop itself is fixed and unchanging, but the people who run it and their methods are varied and diverse. Success depends on human effort; one must adapt to circumstances.",Social Military Politics,
ZH_0830,S,死了张屠夫，不吃浑毛猪,ZH,死了一个屠夫，也不用吃没有煺毛的猪肉。比喻即便没有某个重要条件或关键人物，事情依旧能办成。,"Even if one butcher dies, people need not eat pork with the hair still on it. Even without a certain key condition or crucial person, things can still be accomplished.",Social Military Politics,
ZH_0831,S,死人身边自有活鬼,ZH,比喻老实人受到欺侮，即便他自己不反抗，他身边的人也会站出来鸣不平。换句话说，受冤屈的人其身边自有为之伸张正义的人。,"When an honest person is bullied, even if they do not resist themselves, those around them will stand up and cry foul. Those who suffer injustice will always have people nearby who will seek justice on their behalf.",Social Military Politics,
ZH_0832,S,死人头上无对证,ZH,人死了，就不能对证了。比喻无法判别事情的真假虚实。,"Once a person is dead, there can be no confrontation or verification. It becomes impossible to determine truth from falsehood.",Social Military Politics,
ZH_0833,S,岁寒知松柏，国乱显忠臣,ZH,岁末天衿时才知道松柏耐寒，国家动乱时才显出忠臣的作用。,Only in the cold of year's end does one recognize the hardiness of pine and cypress; only in national turmoil does the loyal minister's value become apparent.,Social Military Politics,
ZH_0834,S,孙猴儿跳不出如来佛的手心,ZH,比喻能力再强也逃不掉他人的控制。也比喻本领再强大的人，也有人制伏他。,"No matter how great one's abilities, one cannot escape another's control. No matter how powerful a person is, there is always someone who can subdue them.",Social Military Politics,
ZH_0835,T,他弓莫挽，他马莫骑,ZH,指不要挽拉别人的弓箭，不要乱骑别人的马匹。比喻为人应守本分不要起贪心。,Do not draw another's bow; do not carelessly ride another's horse. One should know one's place and not be covetous.,Social Military Politics,
ZH_0836,T,他要我肝花，我要他肚肠,ZH,肝花：肝脏。比喻双方针锋相对，手段 个比一个厉害。也比喻双方积怨很深，势不两立。,"""Gānhuā"" means the liver. Both sides confront each other head-on, each with methods more ruthless than the last. Also describes deep mutual enmity between two parties who cannot coexist.",Social Military Politics,
ZH_0837,T,贪小便宜吃大亏,ZH,指贪图不是自己的利益，虽能捞到小的利益，最终却会吃大亏。,"Coveting benefits that are not rightfully one's own — though one may gain small advantages, one will ultimately suffer great losses.",Social Military Politics,
ZH_0838,T,太公钓鱼，愿者上钩,ZH,"指姜太公在渭水边用无饵直钩放在水里钓鱼，并自语道：""负命者上钩来""。后用来指事出自愿，心甘情愿受损失。比喻人心甘情愿上当受骗。","Jiang Taigong fished by the Wei River using a straight hook without bait, saying to himself: ""Let those fated to be caught come to the hook."" This later came to mean something done of one's own free will — willingly accepting a loss. A metaphor for someone who willingly allows themselves to be deceived.",Social Military Politics,
ZH_0839,T,太平本是将军定，不许将军见太平,ZH,天下太平是由士兵们奋勇作战换来的，但是政权稳定后将领们常常遭到排挤和迫害。,"Peace in the realm is won by soldiers fighting bravely, but once political power is secured, the generals are often marginalized and persecuted.",Social Military Politics,
ZH_0840,T,堂上一呼，堂下百诺,ZH,意谓身份显赫的人，一呼百应。,A person of great status and prestige calls out once and a hundred respond.,Social Military Politics,
ZH_0841,T,塘里无鱼虾也贵,ZH,比喻如果没有高档次的东西，低档次的东西也就显得贵重了。,"If there is nothing of high quality available, even low-quality things become precious.",Social Military Politics,
ZH_0842,T,天不生无用之人，地不长无用之草,ZH,上天不会让没用的人降生，就好比地上不会长没用的草一样。指世上万物都有各自的用处。,"Heaven does not send useless people into the world, just as the earth does not grow useless grass. Everything in the world has its own purpose.",Social Military Politics,
ZH_0843,T,天不打吃饭人,ZH,古时迷信认为，上天不会打正在吃饭的人。比喻对人火气要分时机，要分对象。,"In ancient superstition, it was believed that Heaven would not strike a person who is eating. One must choose the right time and the right target before expressing anger.",Social Military Politics,
ZH_0844,T,天大的官司倒将来，磨大的银子罨将去,ZH,罨：压，覆盖。指古时官司再大，都可以通过钱财了结。比喻即使碰到了天大的官司，只要有大量的钱财疏通官员，就能过得了关。此谚语用来讽刺古时官府的腐败。,"""Yǎn"" means to press down or cover. In ancient times, no matter how serious a lawsuit was, it could be settled with money. Even the most serious legal case could be resolved by greasing officials' palms with enough money. This proverb satirizes the corruption of ancient government offices.",Social Military Politics,
ZH_0845,T,天狗吃不了日头,ZH,天狗：古时神话传说中的兽名。古时传说月食是由于太阳被天狗所吃。比喻邪恶战胜不了正义。,"""Tiāngǒu"" (Heavenly Dog) is a mythical beast from ancient legends. In ancient times, it was said that lunar eclipses occurred because the Heavenly Dog devoured the moon. A metaphor meaning evil can never triumph over justice.",Social Military Politics,
ZH_0846,T,天晴不肯走，只待雨淋头,ZH,指天气晴朗的时候不抓紧时间赶路，非要等到雨水浇头时才赶路。比喻不识时务，给了面子还不趁机罢手 .结果自讨没趣也比喻失去了良机，只能招受灾难。,"Not hurrying along when the weather is clear, but insisting on traveling when rain pours down. A metaphor for not recognizing the proper time — given face yet not knowing when to stop, resulting in embarrassment. Also means missing a good opportunity and then having to endure misfortune.",Social Military Politics,
ZH_0847,T,天无二日，人无二理,ZH,就像天上没有两个太阳一样，人世间也只有一个真理。,"Just as there cannot be two suns in the sky, there is only one truth in the human world.",Social Military Politics,
ZH_0848,T,天下官管天下事,ZH,指当官的应注意世间的大部分事情。也指官吏要对世上所发生的大部分事情负责。,Officials should pay attention to most affairs in the world. Government servants must also bear responsibility for most of what happens.,Social Military Politics,
ZH_0849,T,天下人管天下的事，世间人管世间人的事,ZH,指世上发生的事情，每个人都可以过问。,Everything that happens in the world is everyone's business to inquire about.,Social Military Politics,
ZH_0850,T,天下事抬不过个理去,ZH,指世上所有的事都得遵从某种特定的道理。,Everything in the world must follow certain inherent principles.,Social Military Politics,
ZH_0851,T,天下未乱蜀先乱，世界易平川难平,ZH,指历史上的战乱多发生在四川，又由于四川地势险要，因此很难平定。,"Historically, wars frequently occurred in Sichuan, and because of its perilous terrain, it was extremely difficult to pacify.",Social Military Politics,
ZH_0852,T,天下衙门朝南开，有理无钱甭进来,ZH,指古时官府腐败，衙门办案依据的是谁贿赂的钱多，谁就有理。,"In ancient times, corrupt government offices decided cases based on who offered the larger bribe — whoever paid more was judged to be in the right.",Social Military Politics,
ZH_0853,T,天子犯法与庶民同罪,ZH,皇帝犯了法，也要同老百姓一样问罪。指不管地位权势有多高，都得受到法律的制约,"Even if the emperor breaks the law, he must be punished the same as a commoner. Regardless of how high one's position or power, everyone is subject to the constraints of the law.",Social Military Politics,
ZH_0854,T,田鸡要命蛇要饱,ZH,指人和动物都是为了生存，在拼命奋斗。,Both humans and animals are fighting desperately for survival.,Social Military Politics,
ZH_0855,T,条条大路通罗马,ZH,指不论哪一种方法都能够达到所期望的目，不必吊死在一棵树上。,Any of various methods can achieve the desired goal — one need not commit exclusively to a single approach.,Social Military Politics,
ZH_0856,T,铁打的衙门流水的官,ZH,官署是不会变化的，而官员却如流水一样不断更换。,"Government offices remain the same, but officials flow through like water, constantly being replaced.",Social Military Politics,
ZH_0857,T,铁匠做官只是打,ZH,意指昏官办案只会拷打人逼供。,Incompetent magistrates rely only on torture to extract confessions when handling cases.,Social Military Politics,
ZH_0858,T,听传言失落江山,ZH,比喻听信传闻会导致很大的损失。,Listening to and believing rumors can lead to great losses.,Social Military Politics,
ZH_0859,T,听人劝，吃饱饭,ZH,指听人劝告，收获会很大。换句话说，如果听人劝说，走上正道，日子就会过得安逸。,Listening to others' advice brings great benefit. Following good counsel and taking the right path leads to a comfortable life.,Social Military Politics,
ZH_0860,T,听话听声，锣鼓听音,ZH,指通过对方的讲话揣摸出其真正的意图。,Discerning someone's true intentions through what they say in conversation.,Social Military Politics,
ZH_0861,T,庭院里跑不开千里马，花盆里育不出千年松,ZH,比喻要在社会实践的大风大浪里，经历风雨，见过世面，才能培育出杰出人才。,"Only by weathering storms in the great waves of social practice, experiencing hardships and seeing the world, can outstanding talent be cultivated.",Social Military Politics,
ZH_0862,T,同行是冤家,ZH,指相同行业的人相互竞争，免不了会相互嫉妒，相互排挤，会产生矛盾冲突。换句话说，干同一行业，由于利益冲突，互相倾轧，相互之间视同仇敌。,"People in the same trade inevitably compete with each other, which leads to mutual jealousy, mutual exclusion, and conflict. Due to conflicting interests, those in the same business undercut each other and regard one another as enemies.",Social Military Politics,
ZH_0863,T,偷鸡不着，反失一把米,ZH,比喻不仅没捞到好处，反而遭到了损失。,"Not only failing to gain any advantage, but actually suffering a loss instead.",Social Military Politics,
ZH_0864,T,偷柴过岗，捉奸捉双,ZH,要抓偷柴的，必须等他把柴背过岗子之后；要捉奸情，必须在男女双方犯奸时捉住。也指说话办事重在证据。,"To catch a firewood thief, one must wait until they carry the wood over the ridge; to catch adulterers, one must catch both parties in the act. Speaking and acting must be grounded in evidence.",Social Military Politics,
ZH_0865,T,偷来的财易尽，买来的官易坏,ZH,指用不正当手段到手的东西不会长久拥有。,Things obtained through improper means will not remain in one's possession for long.,Social Military Politics,
ZH_0866,T,头儿顶得天，脚儿踏得地,ZH,喻指人的品行规矩严肃。也比喻人形象高大，作风正派。,A metaphor for a person whose conduct is disciplined and whose manner is dignified. Also describes someone who is impressive in stature and upright in conduct.,Social Military Politics,
ZH_0867,T,头头不了，账账不清,ZH,每个地方主管事的太多了，事情反倒不好办。,"When there are too many people in charge at the local level, things actually become harder to accomplish.",Social Military Politics,
ZH_0868,T,头雁顶住风，群雁跟着冲,ZH,比喻如果领导能够顶住压力向前冲，众人就会紧跟上。,"If the leader can withstand pressure and charge forward, the masses will follow closely behind.",Social Military Politics,
ZH_0869,T,图他一粒米，失却半年粮,ZH,指贪图别人一粒米，却损失了自己半年的粮食。比喻因小失大。,"Coveting one grain of rice from another, yet losing half a year's worth of one's own grain. A metaphor for losing much in pursuit of a small gain.",Social Military Politics,
ZH_0870,T,兔子尾巴长不了,ZH,比喻一种状态所维持的时间不会很长久。,A metaphor meaning that no single state of affairs can be maintained indefinitely.,Social Military Politics,
ZH_0871,T,兔子满山跑，还得回老窝,ZH,比喻出门在外的人，最终还要回到家乡。,Those who have gone out into the world will ultimately return home.,Social Military Politics,
ZH_0872,T,陀螺不抽不转,ZH,陀螺：一种儿童玩具，形状略似海螺，通常由木头制成，下端有铁尖，玩时用绳子抽打，使其直立旋转。比喻对不严于律己的人必须施加压力。,"A top (tuóluó) is a children's toy, roughly conical in shape, usually made of wood with an iron point at the bottom. When played with, it is whipped with a string to make it spin upright. A metaphor meaning that people who are not self-disciplined must have pressure applied to them.",Social Military Politics,
ZH_0873,T,退一步想，过十年看,ZH,指碰上事情应以宽缓，从容心态及长远的观点去考虑，而不是局限于实时情况。比喻办事要考虑后果，要留有缓和的余地。,"When encountering problems, one should consider them with a relaxed, unhurried attitude and a long-term perspective, rather than being confined to the immediate situation. One should consider consequences and leave room for flexibility.",Social Military Politics,
ZH_0874,W,瓦罐不离井上破，将军难免阵中亡,ZH,指在战场上打仗的将领难免在对阵中伤亡。比喻经常冒险，早晚会出事。,Generals who fight on the battlefield inevitably risk being killed or wounded in battle. A metaphor meaning that those who frequently take risks will sooner or later encounter disaster.,Social Military Politics,
ZH_0875,W,外举不避仇，内举不避亲,ZH,推荐外人不回避仇人，推荐自己人不回避儿子,"When recommending outsiders, one does not avoid even one's enemies; when recommending one's own people, one does not avoid even one's own son. This means recommendations should be based purely on merit, without personal bias.",Social Military Politics,
ZH_0876,W,外明不知里暗事,ZH,指外头亮堂不知里面黑暗。也指只看到外表，对内在的实情不了解。比喻局外人不了解内情。,"From outside it looks bright, but one cannot see the darkness within. Only seeing the surface without understanding the true internal situation. Outsiders do not understand the inside story.",Social Military Politics,
ZH_0877,W,顽是顽，笑是笑,ZH,指玩笑与正经事不能混为一谈。,Jokes and serious matters must not be confused or mixed together.,Social Military Politics,
ZH_0878,W,顽症还需猛药医,ZH,比喻对付顽固不化的人或长期处理仍没有解决的问题，要加大强度。,"When dealing with stubbornly unyielding people or long-unresolved problems, one must increase the intensity of effort.",Social Military Politics,
ZH_0879,W,碗小碟大，磕着碰着,ZH,指一家人吵架。,Refers to a family quarreling among themselves.,Social Military Politics,
ZH_0880,W,万夫一力，天下无敌,ZH,团结起来力量大。,Unity brings strength.,Social Military Politics,
ZH_0881,W,万金易抛，旧土难舍,ZH,指贵重的银子容易抛弃，熟乡旧地却难分难舍。比喻人总是眷恋自己的故乡。,"Precious silver is easy to throw away, but one's familiar hometown is hard to leave. People always feel attached to their homeland.",Social Military Politics,
ZH_0882,W,万事分己定，浮生空自忙,ZH,分：命运。浮生：短暂虚幻的人生。人的一生早巳由命运注定，人们在世间忙忙碌碌，到最后却是一场空。,"""Fēn"" means fate or destiny; ""fúshēng"" means a brief, illusory life. A person's life is already predetermined by fate; people bustle about in the world, but in the end it all amounts to nothing.",Social Military Politics,
ZH_0883,W,万事俱备，只欠东风,ZH,指所有的条件都齐全了，就差东风了。比喻一切都已谁备就绪，只差一个起决定作用的条件。换句话说，所有事情都准备到位了，最后只差一个关键性的问题还没解决。,"All conditions are ready — only the east wind is lacking. Everything is prepared and in place; only one decisive condition remains to be fulfilled. In other words, all preparations are complete except for one crucial element.",Social Military Politics,
ZH_0884,W,万物人为贵,ZH,人世间万物就数人最为珍贵。,"Of all things in the world, human beings are the most precious.",Social Military Politics,
ZH_0885,W,亡羊而固牢不为迟，见兔而呼狗不为晚,ZH,亡：丢失。牢：养牲口的圈，此处丢失了羊再补羊圈不为晚，指羊圈。发现兔子再叫狗去追不为晚。比喻事情出了问题，只要及时采取补救措施，还来得及避免再出差错。,"""Wáng"" means to lose; ""láo"" means a pen for livestock, here referring to the sheepfold. It is not too late to mend the sheepfold after losing sheep, nor too late to send the dog after spotting the rabbit. As long as remedial measures are taken in time, further mistakes can still be avoided.",Social Military Politics,
ZH_0886,W,王法本于人情，人情大于王法,ZH,古时指国家的法律是依据人之常情制订的，人情高于法律。指做事时要合乎常情。,"In ancient times, national laws were formulated based on common human sentiment, and human feeling was considered above the law. One should act in accordance with common sense and reason.",Social Military Politics,
ZH_0887,W,王言如天语,ZH,指皇帝的旨意是必须遵守的。,The emperor's decree must be obeyed without exception.,Social Military Politics,
ZH_0888,W,王子犯法，庶民同罪,ZH,王子：国王的儿子。指地位高贵的人犯法，也应与老百姓犯法同样问罪。比喻法律不分贵贱，人人平等；即使是地位高贵的人犯法，也必须与平民百姓同样按法处置。,"""Wángzǐ"" means the king's son. Even those of noble status who break the law should be punished the same as commoners. The law makes no distinction between noble and humble — all are equal; even the highborn must be dealt with according to the same legal standards as ordinary people.",Social Military Politics,
ZH_0889,W,往日无仇，近日无冤,ZH,指相互之间从来不存在冤仇。,Refers to there never having been any enmity or grudge between the parties.,Social Military Politics,
ZH_0890,W,为官不与民做主，枉掌纯金印一颗,ZH,指当官的就是给老百姓做事，否则掌官印就没有意义。,Being an official means serving the common people; otherwise holding the official seal is meaningless.,Social Military Politics,
ZH_0891,W,为官是一时，为人是一世,ZH,做官是短时期的事，而做人却是一生的大事。指做官的要想到退任后的处境。,"Holding office is a temporary matter, but being a decent person is a lifelong concern. Officials should think about their situation after leaving office.",Social Military Politics,
ZH_0892,W,为了虱子烧个袄,ZH,比喻因小失大。,"A metaphor for losing much while trying to gain little — penny wise, pound foolish.",Social Military Politics,
ZH_0893,W,为了一口气，宁丢十亩地,ZH,指人活一口气，为了争气，可以付出任何代价。,"A person lives on one breath of spirit; for the sake of dignity, one is willing to pay any price.",Social Military Politics,
ZH_0894,W,为人别当差，当差不自在,ZH,指当差役受人指使派遣，身不由己，不能自己做主。,"Serving as a petty official under others' orders, one's body is not one's own and one cannot make one's own decisions.",Social Military Politics,
ZH_0895,W,为人处世两件宝，和为贵来忍为高,ZH,为人处世的两大法宝：一是和，二是忍。,"The two great treasures of conducting oneself in the world: first is harmony, second is forbearance.",Social Military Politics,
ZH_0896,W,文不能安邦，武不能定国,ZH,不具备安邦的文才，也不具备定国的武略。意思是人没有多少本事。,Possessing neither the literary talent to govern the state nor the military strategy to secure the nation. Meaning a person has very little ability.,Social Military Politics,
ZH_0897,W,文不文，武不武,ZH,文武两个方面都不行。意思是没有本事。,Incompetent in both civil and military affairs. Meaning one has no real ability.,Social Military Politics,
ZH_0898,W,文不瞎编，武不擅动,ZH,文官不可以胡编乱造，武将不可以轻举安妄动。,Civil officials must not fabricate falsehoods; military generals must not act rashly or recklessly.,Social Military Politics,
ZH_0899,W,文臣安社稷，武将定戈矛,ZH,文臣的职责是治理好国家，让国家安定；武将的职责是平定战乱，让国家太平。,The duty of civil officials is to govern the country well and maintain stability; the duty of military generals is to quell wars and bring peace.,Social Military Politics,
ZH_0900,W,文官把笔安天下，武将持刀定太平,ZH,文官用笔来安定天下，武将用刀枪来安定国家。,Civil officials use the brush to bring peace to the realm; military generals use weapons to secure the nation.,Social Military Politics,
ZH_0901,W,文官不爱财，武将不怕死,ZH,指做文官就要廉洁奉公，武官就要不怕牺牲。,Civil officials should be honest and devoted to public service; military officials should not fear sacrifice.,Social Military Politics,
ZH_0902,W,文官动动嘴，武官跑断腿,ZH,文官作出决策，武将就要为此而做事。指决策者非常轻松，而执行者比较辛苦。,"Civil officials make the decisions; military generals carry them out. Decision-makers have it easy, while executors bear the hardship.",Social Military Politics,
ZH_0903,W,文官三只手，武官四只脚,ZH,三只手：指比平常人多了一只要钱的手。四只脚：指两腿跪地，两手撑地，成投降求饶姿势。讽刺古时统治者腐败，文官贪财，武将怕死。,"""Three hands"" refers to having one extra hand for taking money beyond normal; ""four legs"" refers to kneeling with both legs and both hands on the ground in a posture of surrender and begging for mercy. This satirizes the corruption of ancient rulers — civil officials were greedy for money, and military officers feared death.",Social Military Politics,
ZH_0904,W,文能克武，柔能克刚,ZH,多谋善断的人能打败勇敢威武的人，温柔婉转的人能打败强硬刚烈的人。,Those who are resourceful and decisive can defeat the brave and mighty; those who are gentle and tactful can overcome the rigid and fierce.,Social Military Politics,
ZH_0905,W,文齐福不齐,ZH,古时认为人的命运都是上天注定的，即使学识齐全，但运气不佳，也中不了举。,"In ancient times, it was believed that a person's fate was predetermined by Heaven — even with complete learning, if one's luck was poor, one would not pass the imperial examinations.",Social Military Politics,
ZH_0906,W,文死谏，武死战,ZH,古时指文臣是否忠君取决于他能不能舍死劝谏国君，武将爱国与否要看他能不能舍死保家卫国。,"In ancient times, whether a civil minister was loyal to the sovereign depended on whether he would risk death to remonstrate with the ruler; whether a military general was patriotic depended on whether he would risk death to defend the homeland.",Social Military Politics,
ZH_0907,W,文武之道，一张一弛,ZH,文：周文王；武：周武王；道：办法。张：弓弦拉紧；弛：弓弦松开。周文王、周武壬治理国家的于段，就如拉弓射箭一样，一张一弛。意指工作应该松紧适度，有节奏地开展。,"""Wén"" refers to King Wen of Zhou; ""Wǔ"" refers to King Wu of Zhou; ""dào"" means method. ""Zhāng"" means to draw a bowstring taut; ""chí"" means to loosen it. The governing methods of Kings Wen and Wu were like drawing and releasing a bow — alternating tension and relaxation. Work should proceed at a moderate pace, neither too tight nor too loose.",Social Military Politics,
ZH_0908,W,文章自古无凭据,ZH,指自古以来评价文章的优劣没有特定的标谁。,"Since ancient times, there has been no fixed standard for evaluating the quality of writing.",Social Military Politics,
ZH_0909,W,巫师斗法，病人吃亏,ZH,巫师同巫师斗法术，吃亏的是病人。比喻上层人互相争斗，受罪的是下面的普通群众。,"When sorcerers compete in magical arts against each other, it is the patient who suffers. When those in power fight among themselves, ordinary people below bear the consequences.",Social Military Politics,
ZH_0910,W,屋漏在上，知之在下,ZH,屋顶是否漏雨，屋里的人知道。比喻如果当政者出现差错，下属和群众看得最清楚。,"Whether the roof leaks, those inside the house know best. If those in power make mistakes, their subordinates and the masses see it most clearly.",Social Military Politics,
ZH_0911,W,诬告加三等,ZH,对歪曲事实诬陷别人的人，要严重惩罚。,Those who distort facts to frame others should be severely punished.,Social Military Politics,
ZH_0912,W,无刁不成状,ZH,没有欺骗狡诈就写不出来诉状。,"Without deception and trickery, no lawsuit petition can be written — implying that lawsuits inherently involve exaggeration or distortion.",Social Military Politics,
ZH_0913,W,无风起浪,ZH,指没有刮风却有波浪。比喻无理由却惹是生非。,Waves appear without any wind. A metaphor for stirring up trouble without reason.,Social Military Politics,
ZH_0914,W,无根的浮萍，长不成栋梁之才,ZH,浮萍：在水面上浮生的一种草，茎扁平如叶子，根垂在水里。比喻没有坚实根基的人不可能成大器。也比喻脱离群众的入承担不起国家的重任。,"""Fúpíng"" (duckweed) is a plant that floats on water with flat stems resembling leaves and roots hanging in the water. A person without a solid foundation cannot achieve great things. Also, someone disconnected from the masses cannot bear the heavy responsibilities of the nation.",Social Military Politics,
ZH_0915,W,无功不受禄,ZH,禄：俸禄。原指没有功劳就不敢接受俸禄。也泛指不为人做事，不可以接受馈赠。,"""Lù"" means an official's salary. Originally meaning one dares not accept a salary without having made contributions. More broadly, if one does nothing for others, one should not accept gifts.",Social Military Politics,
ZH_0916,W,无功受禄，寝食不安,ZH,指没有作贡献，却接受丰厚的酬谢，睡觉吃饭都会因此感到不踏实。,Receiving generous compensation without having made contributions makes one feel uneasy even while sleeping and eating.,Social Military Politics,
ZH_0917,W,无官不贪，无商不奸,ZH,指古时官场里，人人都贪污，商界里人人都奸诈。,"In the ancient official circles, everyone was corrupt; in the business world, everyone was deceitful.",Social Military Politics,
ZH_0918,W,无官一身轻,ZH,古时认为，辞掉官职，精神上没有负担，反倒觉得更加轻松愉快。,"In ancient times, it was believed that resigning from office freed one from mental burdens and actually made one feel lighter and happier.",Social Military Politics,
ZH_0919,W,无粮不聚兵,ZH,部队中士兵没有食物，军心就会涣散。,"When soldiers in an army have no food, morale will collapse.",Social Military Politics,
ZH_0920,W,无马狗用犁,ZH,没有马，狗也可以耕地。指没有合格的人才，也可以用差一等的人才来代替。,"Without a horse, even a dog can plow the field. Without qualified talent, one can substitute with someone of slightly lesser ability.",Social Military Politics,
ZH_0921,W,无事不登三宝殿,ZH,三宝殿：佛殿。常指有所求的地方。没有心事是不到佛殿求神拜佛的。比喻没有事情是不会登门拜访的，既然登门就有事相求。,"""Sānbǎo diàn"" refers to the Buddhist hall — a place where people go to make requests. One does not visit the Buddhist hall to pray unless one has something on one's mind. No one comes calling unless they have a favor to ask; if they show up at your door, they surely need something.",Social Military Politics,
ZH_0922,W,无赃难定罪,ZH,没有赃物作证据，就很难定罪。指是否给他人定罪名，关键在证据。,"Without stolen goods as evidence, it is very difficult to convict. Whether someone can be found guilty depends on the evidence.",Social Military Politics,
ZH_0923,W,武不善作,ZH,指一旦动武了，就不会有友善的举动了。比喻动起武来就会不留情面，不会有好的结果。,"Once force is used, there will be no friendly gestures. When fighting breaks out, there is no mercy and no good outcome.",Social Military Politics,
ZH_0924,W,五里不同天，十里不同俗,ZH,指每个地方都有各自的风土民俗，即便是距离较近的地方，民情风俗也不一样。,Every place has its own local customs and folkways; even nearby areas may differ in their traditions.,Social Military Politics,
ZH_0925,W,物必先腐，而后虫生,ZH,指任何东酉都是自身先腐烂，然后蛆虫、蛀虫才能寄生。比喻一个国家，一个团体或一个家庭，内部不出问题，外人是难以入侵的。,"Everything rots from within before maggots and borers can take hold. A nation, organization, or family — if no problems emerge internally, external forces cannot invade.",Social Military Politics,
ZH_0926,X,洗脸莫怕擦鼻子,ZH,"洗脸肯定避免不了擦鼻子。比喻纠正不良之风,一定会触到领导。",Washing one's face inevitably means touching one's nose. Correcting bad practices will inevitably offend those in leadership.,Social Military Politics,
ZH_0927,X,瞎驴上不了板桥,ZH,比喻不优秀的人可能办不好事情。,A metaphor meaning that untalented people may not be able to handle things well.,Social Military Politics,
ZH_0928,X,下了山的老虎不如狗,ZH,指老虎在山里，是群兽之王，一旦离开山岭，来到平川，连狗都比不上。比喻有地位的人一旦没有了权势，连个普通百姓也比不上。,"A tiger in the mountains is king of beasts, but once it leaves the hills and comes to the plains, it is inferior even to a dog. A person of status, once stripped of power, cannot compare even to an ordinary commoner.",Social Military Politics,
ZH_0929,X,下民易虐，上苍难欺,ZH,欺压百姓不难，欺骗苍天却难。古时指上天有灵，恶有恶报。劝诫人不要做伤天害理的事。,"Bullying common people is not difficult, but deceiving Heaven is. In ancient belief, Heaven has awareness and evil will be repaid with evil. An admonition not to commit unconscionable acts.",Social Military Politics,
ZH_0930,X,下有茯苓，上有菟丝,ZH,茯苓：寄生于松根的一种菌类植物。菟丝：植根于茯苓上的一种植物，藤细如丝。指菟丝之下定有茯苓。比喻推断事理可以由此知彼，由外知内，由显知隐。,"""Fúlíng"" is a fungus that grows parasitically on pine roots. ""Tùsī"" is a plant that roots on fúlíng with threads as fine as silk. Where there is tùsī, there must be fúlíng beneath. One can deduce hidden realities from visible signs — knowing the inside from the outside, the hidden from the apparent.",Social Military Politics,
ZH_0931,X,先打后商量,ZH,意谓先采用强硬手段，然后再坐下来商量。,"First employ forceful measures, then sit down to negotiate.",Social Military Politics,
ZH_0932,X,先君子后小人,ZH,先做君子，后做小人。指先按道理来，以礼待人；行不通的话再采取强硬措施。,"First act as a gentleman, then as a villain. First approach with reason and courtesy; if that doesn't work, then resort to forceful measures.",Social Military Politics,
ZH_0933,X,先礼而后兵,ZH,指打仗之前，先运用外交手段，和谈行不通之后再开战。,"Before going to war, first employ diplomatic means; only after negotiations fail does one commence hostilities.",Social Military Politics,
ZH_0934,X,先礼后兵,ZH,意谓先以礼相待，没达到目的时再采取强制手段。,"First treat others with courtesy; when that fails to achieve the goal, then adopt coercive measures.",Social Military Politics,
ZH_0935,X,先说断，后不乱,ZH,断：决定。做事之前先把有关条件说明自，就可以避免随后的意见不致。,"""Duàn"" means to decide. Clarify all relevant conditions before starting a task, and subsequent disagreements can be avoided.",Social Military Politics,
ZH_0936,X,先下米，先吃饭,ZH,比喻早动手，就能早得益。,Acting early brings early benefits.,Social Military Politics,
ZH_0937,X,先下手为强，后下手遭殃,ZH,指先发制人可取得主动权，要不然就会吃亏。换句话说，双方交手时，先动手的就能取得主动权，能迫使对方措手不及，处于被动地位；晚动手的就可能吃亏。,"Striking first seizes the initiative; otherwise one will suffer losses. In a confrontation, whoever moves first gains the upper hand, catching the opponent off guard and putting them in a passive position; whoever moves later may be at a disadvantage.",Social Military Politics,
ZH_0938,X,贤者在位，能者在职,ZH,意谓只有贤明的入掌握权力，才会任用有才干的人。,Only when a wise person holds power will talented people be appointed to positions.,Social Military Politics,
ZH_0939,X,县官不如现管,ZH,指官职再大，也比不上直接管事的人有实权。,"No matter how high an official's rank, it cannot compare to the real power held by the person who directly manages affairs.",Social Military Politics,
ZH_0940,X,县令县令，听钱调用,ZH,指古时官吏贪赃舞弊的人很多，谁行贿，就给谁办事。多用来形容官员贪赃枉法。,"In ancient times, many officials were corrupt and took bribes — whoever offered bribes got their affairs handled. This describes officials who accept bribes and pervert justice.",Social Military Politics,
ZH_0941,X,相骂无好言，相打无好拳,ZH,指双方对骂时不讲好话，两人打架时不留情面。,"When two sides are hurling insults, no kind words are spoken; when two people are fighting, no mercy is shown.",Social Military Politics,
ZH_0942,X,相马失之瘦，相士失之贫,ZH,相：通过观察事物的外表，判断其好坏。挑选良马时，因马的瘦弱而被刷掉；选拔人才时。因家庭贫穷而被刷掉。比喻观察人与事物要重在本质，不要只注重表面现象。换句话说，选拔人才时，不能只看外表，而要看他的实际才能。,"""Xiàng"" means to judge quality by observing outward appearance. When selecting fine horses, thin and weak ones are eliminated; when selecting talent, those from poor families are rejected. One should focus on essence rather than surface appearance. In other words, when selecting talent, one should not judge by appearance alone but by actual ability.",Social Military Politics,
ZH_0943,X,乡有乡规，民有民俗,ZH,乡村有乡村的规矩 ，民间有民间的风俗。意指每个地方都有自己传统的风俗民情。,Villages have village rules; folk communities have folk customs. Every place has its own traditional customs and ways.,Social Military Politics,
ZH_0944,X,向情向不了理,ZH,向：偏袒。理：公道，公理。指在情感上可以有些偏心，但在道理上不能给予祖护。比喻遇事如果徇私情，那就不能坚持公理，也不能主持公道。,"""Xiàng"" means to show partiality; ""lǐ"" means fairness or justice. One may be somewhat partial in emotion, but one cannot be biased in matters of principle. If one acts on personal favoritism, one cannot uphold justice or fairness.",Social Military Politics,
ZH_0945,X,铲草不除根，萌芽依旧发,ZH,比喻祸患要从根儿铲除，要不然后患无穷。,Calamities must be uprooted completely; otherwise there will be endless future troubles.,Social Military Politics,
ZH_0946,X,小鬼跌金刚,ZH,比喻弱小的可打败强大的。也比喻弱小的恶势力，如果任由他继续发展，也会有很大的破坏作用。,"The small can defeat the great. Also, if minor evil forces are allowed to continue developing, they can cause tremendous destruction.",Social Military Politics,
ZH_0947,X,小民斗官，只能转圈,ZH,指老百姓没权没势，不能正面与官吏斗争，只能采用迂回曲折的方法。,"Common people, having no power or influence, cannot confront officials directly and can only adopt roundabout methods.",Social Military Politics,
ZH_0948,X,小泥鳅翻不起大浪,ZH,泥鳅：一种小鱼；喜欢潜伏于泥中。比喻小势力不会成大气候。,"""Níqiū"" (loach) is a small fish that likes to hide in mud. Minor forces will never amount to anything significant.",Social Military Politics,
ZH_0949,X,小钱不去，大钱不来,ZH,指如果不愿付出代价，就得不到大的利益。小石头，打坏大缸比喻小的能够打败大的，弱的能够打败强的。,"Without being willing to pay a price, one cannot obtain great benefits. A small stone can break a large jar — the small can defeat the great, the weak can overcome the strong.",Social Military Politics,
ZH_0950,X,小腿扭不过大腿,ZH,比喻力量弱小的打不败力量强大的。,A metaphor meaning that weak forces cannot defeat strong ones.,Social Military Politics,
ZH_0951,X,笑骂由他笑骂，好官我自为之,ZH,意谓不理他人的讥笑和谴责，依旧我行我素，一心想着升官发财。,"Ignoring others' ridicule and condemnation, continuing to act as one pleases, single-mindedly pursuing wealth and official promotion.",Social Military Politics,
ZH_0952,X,邪不胜正,ZH,指邪气战胜不了正气。比喻邪恶始终不能战胜正义或公道。,Evil energy cannot overcome righteous energy. Evil can never ultimately triumph over justice or fairness.,Social Military Politics,
ZH_0953,X,新兵怕炮，老兵怕号,ZH,指新兵没有战斗经验，听到炮声就惧怕；老兵有经验，最怕冲锋号，一冲锋就知道可能丢命。,"New recruits lack combat experience and fear the sound of artillery; veteran soldiers have experience and most fear the charge bugle, knowing that a charge may cost them their lives.",Social Military Politics,
ZH_0954,X,新官上任三把火,ZH,指新上任的官员总要办些事，以树立自己的威望。比喻开始做某事时热情非常高，过了三分钟热度就不行了。,"Newly appointed officials always want to accomplish some things to establish their authority. A metaphor meaning one starts something with great enthusiasm, but after a brief burst of energy, the passion fades.",Social Military Politics,
ZH_0955,X,心正何愁着鬼迷,ZH,指心地端正，就不怕鬼魅迷惑比喻心正不怕邪气。,"With an upright heart, one need not fear ghosts and demons. An upright mind is unafraid of evil influences.",Social Military Politics,
ZH_0956,X,信人调，丢了瓢,ZH,调：挑唆。指相信他人的挑拨，结果吃了大亏。,"""Diào"" means to instigate. Believing others' provocations results in suffering great losses.",Social Military Politics,
ZH_0957,X,行动有三分财气,ZH,只要做事，总会有些收获。比喻只要有所付出，就会有收获。,"As long as one does things, there will always be some gains. Any effort yields returns.",Social Military Politics,
ZH_0958,X,行下春风望秋雨,ZH,比喻做了好事盼望能收到回报。,A metaphor for doing good deeds while hoping for repayment.,Social Military Politics,
ZH_0959,X,行不更名，坐不改姓,ZH,指正大光明，无论何时都不隐瞒自己的真相。,"Being open and aboveboard, never concealing one's true nature at any time.",Social Military Politics,
ZH_0960,X,行船走马三分命,ZH,古时指坐船、骑马都可能有生命危险。比喻乘船、骑马总会有一些风险，要先做好思想准备。,"In ancient times, traveling by boat or horse could endanger one's life. Boats and horses always carry some risk; one must be mentally prepared beforehand.",Social Military Politics,
ZH_0961,X,行车有车道，唱歌有曲调,ZH,指凡事都有自己的规矩，不能胡来。,Everything has its own rules and cannot be done haphazardly.,Social Military Politics,
ZH_0962,X,雄鹰飞得再高，影子还在地上,ZH,比喻人不管地位有多高，终究是集体中的一分子。,"No matter how high a person's position, they are ultimately just one member of the collective.",Social Military Politics,
ZH_0963,X,秀才遇见兵，有理讲不清,ZH,指讲道理的人如果遇到一味蛮横的人，无论怎么讲理也是没有用的。也指讲道理要分对象。,"When a reasonable person encounters someone who is purely unreasonable, no amount of logic will help. Also means one must consider whom one is reasoning with.",Social Military Politics,
ZH_0964,X,血债要用血来还,ZH,指所欠的血债必须用血来偿还。,Blood debts must be repaid with blood.,Social Military Politics,
ZH_0965,Y,衙门的钱，下水的船,ZH,古时指进官府打官司，花钱就如同顺流漂下的船只一样快。,"In ancient times, going to court to file a lawsuit consumed money as fast as a boat drifting downstream.",Social Military Politics,
ZH_0966,Y,衙门口向南开，有理无钱莫进来,ZH,指古时官府认钱不认理，不替普通老百姓伸张正义。,"Ancient government offices recognized money, not justice, and would not uphold fairness for ordinary people.",Social Military Politics,
ZH_0967,Y,严将出强兵，严婆出巧媳,ZH,"将领严格，兵力就强，,婆婆严格，媳妇就乖巧。意思是只有严格要求才能培养出优秀的人才。",Strict generals produce strong soldiers; strict mothers-in-law produce obedient daughters-in-law. Only strict standards can cultivate outstanding talent.,Social Military Politics,
ZH_0968,Y,炎炎者灭，隆隆者绝,ZH,声名、地位或权势显赫的人容易招致祸患。,"Those with great fame, status, or power easily invite disaster upon themselves.",Social Military Politics,
ZH_0969,Y,阎王不嫌鬼瘦,ZH,比喻恶人不论穷人富人都要压榨。,Evil people will squeeze and exploit both the poor and the rich alike.,Social Military Politics,
ZH_0970,Y,盐也只有那么咸，醋也只有那么酸,ZH,比喻事情并没有什么大不了的不必大惊小怪的。,A metaphor meaning the matter is nothing extraordinary — no need to make a fuss.,Social Military Politics,
ZH_0971,Y,盐卤点豆腐，一物降一物,ZH,盐卤：也叫卤水，简称卤，熬盐到最后剩下的黑色液体。降：制伏。物降一物，就如盐卤能让豆浆凝成豆腐一样。,"""Yánlǔ"" (bittern) is the black liquid remaining after boiling salt. ""Jiàng"" means to subdue. One thing subdues another, just as bittern causes soy milk to coagulate into tofu.",Social Military Politics,
ZH_0972,Y,眼观旌旗捷，耳听好消息,ZH,意谓希望成功，等待胜利的好消息。,Hoping for success and awaiting good news of victory.,Social Military Politics,
ZH_0973,Y,眼睛跳，晦气到,ZH,晦气：不吉利，倒霉。民间认为眼皮跳动，倒霉的事情就会出现。眼皮跳动和晦气两者没有一定的逻辑联系，这是一种迷信的观点。,"""Huìqì"" means bad luck or misfortune. Folk belief holds that when an eyelid twitches, something unlucky will happen. There is no logical connection between eyelid twitching and misfortune — this is a superstitious notion.",Social Military Politics,
ZH_0974,Y,雁飞干里靠头雁,ZH,大雁飞行得有头雁领路。指群众做事得有领导来带动。,Wild geese in flight need a lead goose to show the way. People doing things need a leader to guide them.,Social Military Politics,
ZH_0975,Y,燕雀居堂，不知祸到,ZH,燕雀在厅堂的栋粱上垒窝自认为安全，却不知灾祸就要降临意谓处境危险却一无所知。,"Swallows and sparrows build nests on the beams of the hall, thinking themselves safe, unaware that disaster is about to descend. Meaning one is in a dangerous situation without knowing it.",Social Military Politics,
ZH_0976,Y,羊肉不曾吃，空惹一身膻,ZH,比喻好处没到手，却惹上了不好的名声。,"Not only failing to gain any benefit, but actually acquiring a bad reputation.",Social Military Politics,
ZH_0977,Y,羊有头，人有主,ZH,羊群有领头的羊，人群有带头的人。什么事都必须有主事的人。,A flock of sheep has a lead sheep; a group of people has a leader. Every endeavor must have someone in charge.,Social Military Politics,
ZH_0978,Y,养儿当兵，种地纳粮,ZH,儿子长大有义务参军，耕种田地者有义务缴纳粮食。,"When sons grow up, they have the obligation to serve in the military; those who farm the land have the obligation to pay grain taxes.",Social Military Politics,
ZH_0979,Y,养虎自遗患,ZH,遗：留下。比喻如果宽恕敌人或恶人，相当于是给自己留下了后患。,"""Yí"" means to leave behind. Showing mercy to enemies or evildoers is equivalent to leaving future troubles for oneself.",Social Military Politics,
ZH_0980,Y,养家千百口，作罪一人当,ZH,一家有很多人，谁犯罪谁承担，不可以牵连别人。,"In a large family, whoever commits a crime bears the responsibility alone — others must not be implicated.",Social Military Politics,
ZH_0981,Y,养生不若放生,ZH,喂养动物，即便提供优越的生活条件给它们，不如放它们回归自然。比喻把人供养起来倒不如给人以自由。,Raising animals: even providing them with superior living conditions is not as good as releasing them back to nature. Keeping people in comfortable captivity is not as good as giving them freedom.,Social Military Politics,
ZH_0982,Y,养子不教如养驴，养女不教如养猪,ZH,指驴既犟又顽，猪既蠢又懒。也指如果对子女只养不教，就不可能成大器。,"Donkeys are stubborn and willful; pigs are stupid and lazy. If one only raises children without educating them, they cannot achieve anything great.",Social Military Politics,
ZH_0983,Y,要吃清泉水，就得地理鬼,ZH,要想喝到清澈的泉水，还需依靠熟悉地形的人来帮助。指要想做成一件大事，不能离开精明又知情的人来帮助。,"To drink clear spring water, one needs the help of someone familiar with the terrain. To accomplish something great, one cannot do without the assistance of knowledgeable and well-informed people.",Social Military Politics,
ZH_0984,Y,要打仗，拜大将；要打磨，请石匠,ZH,指要想干成大事，就必须请行家来帮助。,"To accomplish great things, one must invite experts to help.",Social Military Politics,
ZH_0985,Y,要得活儿多，还得吃与喝,ZH,要想让人多干活，就得先给他吃好喝好。,"To make people work more, one must first feed them well.",Social Military Politics,
ZH_0986,Y,要叫马儿跑，得叫马儿多吃草,ZH,比喻要想让他人好好工作，就得给予一定的报酬。,"A metaphor: to make others work well, one must provide adequate compensation.",Social Military Politics,
ZH_0987,Y,要破东吴兵，还得东吴人,ZH,比喻要干好一件事，就得让了解这方面情祝的人去处理。,"To do a job well, one must have someone who understands the situation handle it.",Social Military Politics,
ZH_0988,Y,要取骊龙项下珠，先须打点降龙手,ZH,要想摘下黑龙脖子下的宝珠，就得先送给降龙人一部分钱财。比喻要想办成大事，就必须先用高薪吸引人才。,"To obtain the precious pearl from beneath a black dragon's neck, one must first offer the dragon-slayer a share of wealth. To accomplish great things, one must first attract talent with generous pay.",Social Military Politics,
ZH_0989,Y,要想斗争巧，全凭智谋高,ZH,要想在斗争中以巧取胜，必须靠高超的智慧和谋略。,"To win through cleverness in a struggle, one must rely on superior wisdom and strategy.",Social Military Politics,
ZH_0990,Y,要知海深问渔夫，要知山高问猎户,ZH,要想获得相关的知识或了解某方面的情祝，就得请教知识渊博的人或经验丰富的人。,"To gain relevant knowledge or understand a certain situation, one must consult people of broad learning or rich experience.",Social Military Politics,
ZH_0991,Y,要知山下路，须问过来人,ZH,比喻要想了解情况，就要请教有经验的人。,"To understand a situation, one must consult experienced people.",Social Military Politics,
ZH_0992,Y,要知心腹事，但听口中言,ZH,但：只，只要。指想了解他人的心事，只用听他说话就行了。比喻要想知道一个人在想什么，只要听听他说什么，就可以略知一二了。,"""Dàn"" means only or just. To know what someone is thinking, just listen to what they say. By listening to someone's words, one can get a rough idea of what is on their mind.",Social Military Politics,
ZH_0993,Y,野马脱缰要乱套，人无法律走乱道,ZH,只有通过法律约束人的行为，社会才会秩序井然。,Only through legal constraints on behavior can society maintain good order.,Social Military Politics,
ZH_0994,Y,夜不闭户，路不拾遗,ZH,意指天下太平，社会秩序良好。,Meaning the realm is at peace and social order is good.,Social Military Politics,
ZH_0995,Y,夜猫子不黑夭不进宅，黄鼠狼不深夜不叨鸡,ZH,夜猫子：猫头鹰。比喻坏人喜欢在暗中行动，做坏事总是瞄准隐秘的时机开展。,"""Yèmāozi"" means owl. Evil people like to act in the dark, always seizing hidden opportunities to do bad things.",Social Military Politics,
ZH_0996,Y,夜猫子害怕见太阳,ZH,意谓恶势力害怕正义的力量。,Evil forces fear the power of justice.,Social Military Politics,
ZH_0997,Y,夜入人家，非奸即盗,ZH,意谓夜里闯进他人家中 ，一定是作奸犯科的人。,Anyone who breaks into another's home at night is certainly a criminal.,Social Military Politics,
ZH_0998,Y,一百饶一下，打汝九十九,ZH,意思是宽恕少但惩罚重。,Meaning lenient in pardoning but heavy in punishment.,Social Military Politics,
ZH_0999,Y,一棒打两只鸡,ZH,比喻办事一举两得。,A metaphor for accomplishing two things with one action — killing two birds with one stone.,Social Military Politics,
ZH_1000,Y,"一辈子不出马 ,到老是个卒",ZH,一辈子不打仗，到老也是兵。指人如果不经磨炼，不见世面，就不会成大气候。,"If one never fights in one's life, one remains a common soldier even in old age. Without tempering and worldly experience, one will never amount to much.",Social Military Politics,
ZH_1001,Y,一朝权在手，便把令来行,ZH,指做官的一旦掌握了大权，就会发号施令。,"Once an official grasps great power, they begin issuing orders and commands.",Social Military Politics,
ZH_1002,Y,一朝时运至，半点不由人,ZH,意谓一旦遇上好运，一切便情不自禁地好起来。,"Once good fortune arrives, everything naturally begins to improve.",Social Military Politics,
ZH_1003,Y,一朝天子一朝臣,ZH,古时换一个皇帝常常要换一批大臣。现在常指一个人上台，就会紧接着换一批亲信或随从。,"In ancient times, changing one emperor often meant replacing an entire cohort of ministers. Now it commonly means that when one person takes power, they immediately replace those around them with their own trusted associates.",Social Military Politics,
ZH_1004,Y,一床锦被遮盖,ZH,意思是请求别人通融庇护。,Meaning to ask someone for leniency or protection.,Social Military Politics,
ZH_1005,Y,一打三分低,ZH,指一旦动手打人，就理亏了,"Once one resorts to hitting someone, one is automatically in the wrong.",Social Military Politics,
ZH_1006,Y,一夫出死，千乘不轻,ZH,意谓如果有一人备决死而战，即便拥有重兵也不能轻视。,"If one person is prepared to fight to the death, even a large army cannot take them lightly.",Social Military Politics,
ZH_1007,Y,一夫当关，万夫莫开,ZH,一个勇士把守的关口，再多的勇士也攻不开。意谓地势险要。,A pass defended by one brave warrior cannot be breached even by many. Meaning the terrain is extremely strategic and defensible.,Social Military Politics,
ZH_1008,Y,一夫拼命，万夫难敌,ZH,意谓一人拼命，再多的人也抵挡不住。,"When one person fights desperately, even a multitude cannot withstand them.",Social Military Politics,
ZH_1009,Y,一竿子打不倒一船人,ZH,指法不责众。也指一个人不能对付一群人。,Refers to the principle that the law does not punish the masses. Also means one person cannot fight against a crowd.,Social Military Politics,
ZH_1010,Y,一个不摘鞍，一个不下马,ZH,指对立的双方谁也不让谁。,Neither side in the conflict will yield to the other.,Social Military Politics,
ZH_1011,Y,一个槽上拴不下俩叫驴,ZH,叫驴：公驴。指两只公驴拴在起会打架，因此不能拴在同一个槽上。比喻一个地方容纳不了互不相让的两个人或针锋相对的两个强者。,"""Jiàolǘ"" means a male donkey. Two male donkeys tied together will fight, so they cannot be tethered to the same trough. A metaphor meaning one place cannot accommodate two unyielding people or two powerful rivals who are diametrically opposed.",Social Military Politics,
ZH_1012,Y,一个将军一道令,ZH,每个将领各有自己策略和军令。,Every general has their own strategies and military orders.,Social Military Politics,
ZH_1013,Y,一个神仙一套法,ZH,每个领导都有一套解决问题的办法和手段。,Every leader has their own set of methods and approaches for solving problems.,Social Military Politics,
ZH_1014,Y,一个土地爷好烧香，两个土地爷难叩头,ZH,一个神好敬，两个神不好敬。比喻领导多了，人们就会无所适从，不知该听谁的。,"One deity is easy to worship; two deities are hard to worship simultaneously. When there are too many leaders, people become confused and don't know whom to obey.",Social Military Politics,
ZH_1015,Y,一个竹眼钉一条钉,ZH,比喻双方针锋相对。,A metaphor for both sides confronting each other head-on.,Social Military Politics,
ZH_1016,Y,一棍打一船,ZH,比喻不分青红皂白、好坏对错全盘否定，全部打倒。,"A metaphor for indiscriminately negating and destroying everything regardless of right or wrong, good or bad.",Social Military Politics,
ZH_1017,Y,一家有一个主，一庙有一个神,ZH,意指每家都有一个主事的人。,Every household has one person who manages affairs.,Social Military Politics,
ZH_1018,Y,一将功成万骨枯,ZH,一个将领显赫的功绩是用无数士兵的生命换取的。,A general's glorious achievements are purchased with the lives of countless soldiers.,Social Military Politics,
ZH_1019,Y,一将舍命，万将难敌,ZH,一个将领将自己的生死置之度外拼命冲杀，再多的敌将也抵挡不住。,"When one general throws caution to the wind and charges recklessly into battle, even numerous enemy generals cannot withstand them.",Social Military Politics,
ZH_1020,Y,一将无谋，累死千军；一帅无谋，挫丧万师,ZH,指将帅若没有谋略，全军就会受挫或失败。也指领头人没本事，人们就会跟着遭殃。,"If a commanding officer lacks strategy, the entire army will be defeated. If the leader is incompetent, everyone under them will suffer.",Social Military Politics,
ZH_1021,Y,一马当先，万马奔腾,ZH,领头马在前面奔跑，后面的马就会奋蹄而起 ，紧追不放。比喻领导起到了榜样，人们自然会忘我工作。,"When the lead horse gallops ahead, the horses behind will spring forward in pursuit. When a leader sets a good example, people will naturally throw themselves into their work.",Social Military Politics,
ZH_1022,Y,一年种谷，三年生金,ZH,形容如果条件优越 ，一旦投入就能获得丰厚的回报。,"Describes how, given superior conditions, once investment is made, returns will be abundant.",Social Military Politics,
ZH_1023,Y,一人藏物，千人难寻,ZH,指一个人藏的地方，很多人也不容易找到。也指藏的人有目标，找的人没有头绪。,"A place hidden by one person is not easily found by many. The one hiding has a clear target, while the searchers have no clue.",Social Military Politics,
ZH_1024,Y,一人看一步，十人看百里,ZH,指人多智慧高，计划得长远。,Many people together have greater wisdom and can plan further ahead.,Social Military Politics,
ZH_1025,Y,一人为私，两人为公,ZH,为：动词，做，指对事情作出判断。对同一件事情，一个人作出的判别常常有偏私，两个人作出的判断常常会比较公正。,"""Wéi"" means to make a judgment about something. For the same matter, one person's judgment often has bias, while two people's judgment tends to be more fair.",Social Military Politics,
ZH_1026,Y,一人在朝，百人缓带,ZH,缓带：宽束衣带。形容悠闲自在。指如果有一个人在朝廷做官，亲朋好友便能过上安逸的生活。比喻一人做了大官，许多与之有关系的人都能得益享福。,"""Huǎndài"" means loosely belted clothing, suggesting leisure and comfort. If one person holds office at court, relatives and friends can live comfortably. When one person becomes a high official, many associated with them benefit and enjoy good fortune.",Social Military Politics,
ZH_1027,Y,一人之下，万人之上,ZH,一人：指天子。万人：指百官。意谓地位高高在上权势显赫的大臣。,"""Yīrén"" refers to the emperor; ""wànrén"" refers to all officials. Describes a minister of supreme status and immense power — below one but above ten thousand.",Social Military Politics,
ZH_1028,Y,一日动干戈，十年不太平,ZH,一且打起仗来，社会秩序就会长时间混乱不堪。,"Once war breaks out, social order will be chaotic for a long time.",Social Military Politics,
ZH_1029,Y,一日官司十日打,ZH,指一旦打起官司，短时间内很难了结。比喻一天能做完的事，却拖着干了很长时间。,"Once a lawsuit begins, it is difficult to resolve quickly. Something that could be done in one day gets dragged out over a long period.",Social Military Politics,
ZH_1030,Y,一日为官，强似干载为民,ZH,古时指当官的享有特权，生活富裕，还搜刮民脂民膏官，比当一辈子的老百姓都强。,"In ancient times, officials enjoyed special privileges, lived in luxury, and also squeezed the common people — being an official for even a short time was better than being a commoner for a lifetime.",Social Military Politics,
ZH_1031,Y,一日纵敌，数世之患,ZH,"指一旦放纵了敌人 ,就会为后代人带来祸患，比喻一旦放走了敌人，将会后患无穷。","Once an enemy is set free, it brings disaster to future generations. Releasing an enemy leads to endless future troubles.",Social Military Politics,
ZH_1032,Y,一日纵敌，万世之患,ZH,指一旦对敌人放纵，就会给后代子孙留下祸患。,"Once an enemy is let go, it leaves behind calamities for descendants.",Social Military Politics,
ZH_1033,Y,一山不藏二虎,ZH,比喻同一个地方容纳不下两个强者。,A metaphor meaning one place cannot accommodate two powerful rivals.,Social Military Politics,
ZH_1034,Y,一时之胜在于力，千古之胜在于理,ZH,指依靠力量只能获取一时的胜利，凭借真理才能得到永久的胜利。,Relying on force only wins temporary victories; relying on truth wins permanent ones.,Social Military Politics,
ZH_1035,Y,一事到官，十室牵缠；一人入狱，一家尽哭,ZH,指一家官司，牵连很多家邻舍；一人犯法，搅得全家不安宁。古时指打官司造成的后果很严重。,"One family's lawsuit implicates many neighboring families; one person's crime disturbs the entire household. In ancient times, the consequences of lawsuits were extremely severe.",Social Military Politics,
ZH_1036,Y,一世为官三世累,ZH,一代人当官，会连累几代后人。指做官的人必须视做官为畏途，小心谨慎，公正廉明，以免累及后代。,"One generation's official career can burden several generations of descendants. Officials must regard their position with caution, acting carefully and with integrity to avoid bringing harm to their descendants.",Social Military Politics,
ZH_1037,Y,一手遮不了天,ZH,比喻一个人势力再强大，也不能欺压所有的人。,"No matter how powerful one person is, they cannot bully everyone.",Social Military Politics,
ZH_1038,Y,一岁主，百岁奴,ZH,主子即便年幼也是主子，奴仆即便年老也是奴仆。意谓身份地位很难改变。,"A master, even if young, is still the master; a servant, even if old, is still a servant. Status and identity are very difficult to change.",Social Military Politics,
ZH_1039,Y,一碗凉水看到底,ZH,喻指心怀偏见而评价他人。,A metaphor for evaluating others with a prejudiced mind.,Social Military Politics,
ZH_1040,Y,一言兴邦 ，一言丧邦,ZH,一句话决定到一个国家的兴亡，意思是关键人物的话非常重要，要谨慎。,A single sentence can determine the rise or fall of a nation — meaning the words of key figures are extremely important and must be spoken with great caution.,Social Military Politics,
ZH_1041,Y,一叶蔽目，不见泰山,ZH,指如果一片树叶遮住了眼睛，泰山近在眼前也看不到。比喻由于个别小事所蒙蔽而看不清事物的整体。换句话说，如果被个别的局部现象所迷惑，就看不到整体和全局。,"If one leaf blocks the eye, one cannot see Mount Tai even right before one's face. Being blinded by minor details prevents one from seeing the whole picture. If one is misled by isolated, partial phenomena, one cannot perceive the overall situation.",Social Military Politics,
ZH_1042,Y,一叶落知天下秋,ZH,指看见一片树叶落下来，就知道秋天将要来临。比喻从事物的细微变化迹象中，就可推知其发展的趋势和结果。,"Seeing one leaf fall, one knows autumn is approaching. From subtle signs of change in things, one can predict their developmental trends and outcomes.",Social Military Politics,
ZH_1043,Y,一症配一药，跳蚤无涎捉不着,ZH,涎：口水。什么病就得用什么药来医治，手上没有口水是捉不着跳蚤的。比喻针对不同的人就要采用不同的方法来应付。,"""Xián"" means saliva. Every illness requires its own specific medicine; without saliva on one's fingers, one cannot catch fleas. Different people require different methods of handling.",Social Military Politics,
ZH_1044,Y,一枝一叶总关情,ZH,对每一根枝条、每一片叶子都给予关注。意指关心人民的疾苦细致入微，或观察事物全面周到。,"Paying attention to every branch and every leaf. Caring for the people's hardships with meticulous detail, or observing things comprehensively and thoroughly.",Social Military Politics,
ZH_1045,Y,一只碗不响，两只碗叮当,ZH,比喻一个人不会吵架，两个人才会吵架。也比喻冲突是由双方引发的，不会只有一方有责任。,A metaphor meaning one person alone cannot quarrel — it takes two to fight. Conflicts are caused by both parties; responsibility cannot lie with only one side.,Social Military Politics,
ZH_1046,Y,一正敌千邪,ZH,指正义在身就可以抵御或制服干倍的邪恶。比喻正气可以退避各种邪气。,"With justice on one's side, one can resist or subdue a thousandfold evil. Righteousness can repel all forms of wickedness.",Social Military Politics,
ZH_1047,Y,一子出家，九祖升天,ZH,子孙中有一人出家修道，众多祖宗都可以升天成仙。意指一人得势，全家跟着沾光。,"If one descendant becomes a monk and cultivates the Way, all ancestors can ascend to heaven and become immortals. When one person gains power, the whole family benefits.",Social Military Politics,
ZH_1048,Y,一子受皇恩，全家食天禄,ZH,指一个人当了官，全家都享用朝廷的俸禄。,"When one person becomes an official, the entire family enjoys the court's salary.",Social Military Politics,
ZH_1049,Y,一字入公门，九牛拔不出,ZH,公门：官府衙门。指诉讼状子一旦送到官府衙门手中，想要回或更改一个字都办不到了。比喻写诉讼状子要特别谨慎小心。,"""Gōngmén"" means the government office. Once a lawsuit petition enters official hands, not a single character can be retrieved or altered. Writing legal documents requires extreme care and caution.",Social Military Politics,
ZH_1050,Y,依了佛法饿杀，依了王法打杀,ZH,古时认为，如果处处按着佛法办事，只会挨饿；如果处处按着官法办事，只会挨打。指为人处世要灵活多变，不要墨守成规。,"In ancient times, it was believed that following Buddhist law completely would lead to starvation, and following official law completely would lead to beatings. One must be flexible in dealing with the world and not rigidly adhere to rules.",Social Military Politics,
ZH_1051,Y,医得眼前疮，剜却心头肉,ZH,比喻不顾一切地排除眼前的困难。,"A metaphor for removing immediate obstacles at all costs, regardless of consequences.",Social Military Politics,
ZH_1052,Y,疑人莫用，用人莫疑,ZH,有嫌疑的人就不任用；已经任用的人就不要怀疑他。指用人要坦诚相待，贵在诚信。,Do not employ those you suspect; do not suspect those you have employed. Trust those you use — the key is sincerity and good faith.,Social Military Politics,
ZH_1053,Y,以狼牧羊，何能长久,ZH,指用狼来放羊，羊怎么能生存？比喻让恶人来主事，其结果可想而知，必定更加危险。,Using a wolf to tend sheep — how can the sheep survive? Letting evil people take charge will predictably make things even more dangerous.,Social Military Politics,
ZH_1054,Y,以毒攻毒，以火攻火,ZH,攻：治。比喻要用与对方相同的厉害手段或办法来对付对方。,"""Gōng"" means to treat or counter. Using the same powerful methods or approaches as the opponent to deal with them — fighting fire with fire.",Social Military Politics,
ZH_1055,Y,以利相交者，利竭而疏,ZH,"为利益而结交的人,一旦失去了利益就娈得疏远了。",Those who form connections based on profit will grow distant once the profit disappears.,Social Military Politics,
ZH_1056,Y,以小人之心，度君子之腹,ZH,比喻用狭隘、卑劣的心理去度量高尚者的胸怀。,"A metaphor for using a narrow, base mentality to measure the breadth of a noble person's character.",Social Military Politics,
ZH_1057,Y,义理之勇不可无，血气之勇不可有,ZH,指勇敢应使用在正义上，而不是用在感情冲动上。,"Courage should be used in service of justice, not in emotional impulse.",Social Military Politics,
ZH_1058,Y,阴天不见晴天见，白天不见晚上见,ZH,指早晚总会让对方看到厉害的。,"Meaning that sooner or later, one will show the other party what one is capable of.",Social Military Politics,
ZH_1059,Y,英雄所见略同,ZH,所见：见解。略：大致。指英雄人物的见解或认识经常相差无几。多用于赞赏两个人的想法不谋而合。,"""Suǒjiàn"" means viewpoint or insight; ""lüè"" means roughly or approximately. Heroes and outstanding figures often arrive at nearly identical conclusions. Used to praise two people whose thoughts coincidentally align.",Social Military Politics,
ZH_1060,Y,迎风的饺子，送行的面,ZH,迎风：迎接归来的人。迎接归来的人吃饺子，图个团圆；为客人朋友送行吃面条，图个顺利。,"""Yíngfēng"" means welcoming someone home. Dumplings are served to welcome returning travelers, symbolizing reunion; noodles are served when seeing guests off, wishing them a smooth journey.",Social Military Politics,
ZH_1061,Y,迎风儿簸簸箕,ZH,比喻言语行动违背事理。,A metaphor for words and actions that go against reason and logic.,Social Military Politics,
ZH_1062,Y,用人容易识人难,ZH,指利用一个人不难，但要了解个人却很困难。,"Employing a person is not difficult, but truly understanding a person is very hard.",Social Military Politics,
ZH_1063,Y,用之则为虎，不用则为鼠,ZH,指有才能的人，重用时会如猛虎一样发挥威力；不用时如同老鼠一样被鄙弃。指只要用人得当，便可发挥其巨大作用。,"A talented person, when utilized properly, unleashes power like a fierce tiger; when unused, they are despised like a rat. Proper placement of talent can bring tremendous results.",Social Military Politics,
ZH_1064,Y,油鬏髻上封官,ZH,鬏髻：古代贵妇的一种发髻。喻指依靠妻女姊妹关系而谋取官职。,"""Jiūjì"" refers to an elaborate hairstyle worn by noble women in ancient times. A metaphor for obtaining official positions through the connections of one's wife, daughters, or sisters.",Social Military Politics,
ZH_1065,Y,有兵刃的气壮，无家伙的胆虚,ZH,意谓双方相斗，手中有兵器的人气牡，而赤手空拳的人总是有些害怕。,"When two sides fight, the one holding a weapon is emboldened, while the one who is unarmed naturally feels some fear.",Social Military Politics,
ZH_1066,Y,有车就有辙，有树就有影,ZH,有车走过就会有车辙，有树木就会有树影。比喻不论事情做得如何机密，总会留下蛛丝马迹。,"Wherever a cart has passed, there are wheel tracks; wherever there is a tree, there is a shadow. No matter how secretly something is done, it always leaves traces.",Social Military Politics,
ZH_1067,Y,有大略者不可责以捷巧，有小智者不可任以大功,ZH,有大略者：擅长谋划大事的人。捷巧：雕虫小技。大功：大事。对有雄才谋略的人不该苛求他会小技艺，对有小聪明的人不该委任他做大事。意指用人要量其才，尽其用。,Those skilled at grand strategy should not be expected to master petty skills; those with minor cleverness should not be entrusted with great responsibilities. Use people according to the measure of their talents.,Social Military Politics,
ZH_1068,Y,有洞必有妖，有鱼必有鲨,ZH,指只要有可隐身的山洞，就肯定有妖魔出没；有可吞食的鱼虾，就肯定有鲨鱼在周围活动。比喻只要条件允许，坏人就会兴风作浪。,"Wherever there are caves to hide in, there will certainly be demons lurking; wherever there are fish and shrimp to devour, there will certainly be sharks nearby. Wherever conditions permit, bad people will stir up trouble.",Social Military Politics,
ZH_1069,Y,有钢使在刃上,ZH,指财物要用在迫切需要的地方比喻要把精兵强将用在最关键之处。,Money and resources should be spent where they are most urgently needed; elite forces should be deployed at the most critical junctures.,Social Military Politics,
ZH_1070,Y,有理不可灭，无理不可兴,ZH,有理的事情要坚持，没理的事情要适可而止。,Persist in what is reasonable; stop when something is unreasonable.,Social Military Politics,
ZH_1071,Y,有理不在声高,ZH,指只要有理就能说服人，不在于说话声音的大小。比喻要以理服人而不是以势厌人。,"As long as one has reason on one's side, one can persuade others — it does not depend on how loud one's voice is. Convince people with reason, not with force.",Social Military Politics,
ZH_1072,Y,有理没理三扁担,ZH,指官府昏庸，上门告状的不管有理无理都得到相同的惩罚。也比喻不管是非曲直，直接给予相同的处罚。,"In corrupt courts, those who come to file complaints are punished the same whether they are in the right or in the wrong. Also describes punishing everyone identically regardless of right or wrong.",Social Military Politics,
ZH_1073,Y,有理说不弯,ZH,指使用高压也不会让有理的人屈服。,Even coercion cannot make a person with justice on their side submit.,Social Military Politics,
ZH_1074,Y,有理言自壮，负屈声必高,ZH,理由正，说话气势就高涨；蒙受委屈，说话声音必定响亮。,"When one's cause is just, one speaks with great force; when one suffers injustice, one's voice naturally rises loud and clear.",Social Military Politics,
ZH_1075,Y,有理走遍天下，无理寸步难行,ZH,指凭道理办事，在哪里都行得通，不讲道理处处都要碰壁。,"Acting according to reason, one can go anywhere without obstacles; acting without reason, one will meet resistance everywhere.",Social Military Politics,
ZH_1076,Y,有例不兴，无例不灭,ZH,既然有旧的惯例就没必要再创立新例，既然没有新法就没有必要谈废除旧法。指不兴不废，按惯例办事。,"If old precedents exist, there is no need to create new ones; if no new laws exist, there is no need to discuss abolishing old ones. Neither innovate nor abolish — just follow established precedent.",Social Military Politics,
ZH_1077,Y,有苗留在垄上，有话说在理上,ZH,指说话讲道理外人才能信服，就像禾苗种在垄上才能生长一样。,"Speaking with reason convinces outsiders, just as seedlings planted on ridges will grow. Reason produces credibility.",Social Military Politics,
ZH_1078,Y,有奶便是娘,ZH,比喻谁给利益，就投靠、奉承谁。换句话说，有的人没有气节，只贪图私利，谁给好处就为谁效力。,A metaphor: whoever offers benefits receives allegiance and flattery. Some people have no principles — they are purely profit-driven and serve whoever pays them.,Social Military Politics,
ZH_1079,Y,有钱得生，无钱得死,ZH,古时用钱行贿贪官污吏就可以免去死罪，没有钱行贿只有死路一条。,"In ancient times, bribing corrupt officials with money could spare one from the death penalty; without money for bribes, death was the only outcome.",Social Military Politics,
ZH_1080,Y,有钱难买背后好,ZH,人们能在背后称颂，那才是最难得的。,Being praised by people behind one's back is the most precious thing of all.,Social Military Politics,
ZH_1081,Y,有星皆拱北，无水不朝东,ZH,比喻人心归向。,A metaphor for where people's hearts gravitate — popular support.,Social Military Politics,
ZH_1082,Y,有眼无珠,ZH,指虽然长着一双眼睛，却没有能力识别。,Having eyes but lacking the ability to recognize or discern quality.,Social Military Politics,
ZH_1083,Y,有治人，无治法,ZH,意谓有治国的人，却没有治国之法。,"Meaning there are people capable of governing a state, but no established methods of governance.",Social Military Politics,
ZH_1084,Y,有智赢，无智输,ZH,有智慧就会取胜，没有就会失败。,With wisdom one will prevail; without it one will fail.,Social Military Politics,
ZH_1085,Y,与其找临时马，不如乘现时驴,ZH,比喻在紧急关头要使用眼下的条件处理问题。,"A metaphor: in emergencies, one must use whatever conditions are immediately available to solve the problem.",Social Military Politics,
ZH_1086,Y,鹬蚌相持，渔人得利,ZH,鹬：长嘴的水鸟。蚌：有两个椭圆形介壳的软体动物。比喻双方争执不休，结果却让第三者从中获利。,"""Yù"" refers to a long-billed water bird (snipe); ""bàng"" refers to a bivalve mollusk (clam). When two parties are locked in endless dispute, a third party profits from their conflict.",Social Military Politics,
ZH_1087,Y,欲知其人，观其所使,ZH,意谓要想知道一个人的品行，只要看他所差遣的是什么样的人就可得知。,"To know a person's character, one need only observe what kind of people they send on errands.",Social Military Politics,
ZH_1088,Y,冤有头，债有主,ZH,指报仇要找领头的人，讨债要找欠债的人。也比喻是谁的责任就应该由谁来担当。,"For revenge, find the ringleader; for debt collection, find the debtor. Whoever is responsible should bear the consequences.",Social Military Politics,
ZH_1089,Y,远来和尚好看经,ZH,本地人更愿意请远方来的和尚念经文。指人们更看重远道而来的和尚。泛指外来人比本地人更容易得到敬重。,"Local people prefer to invite monks from afar to chant scriptures, valuing distant monks over local ones. More broadly, outsiders are more easily respected than locals.",Social Military Politics,
ZH_1090,Y,宰相肚里撑舟船,ZH,指宰相气量大，胸怀宽阔。也泛指人应该宽宏大量。,"The prime minister has great magnanimity and a broad mind. More generally, people should be generous and tolerant.",Social Military Politics,
ZH_1091,Z,宰相肚里好撑船,ZH,宰相：我国古代辅助君主掌管国事的最高官员的通称。意思是人的度量大 ，可以容人容事。,"""Zǎixiàng"" is the general title for the highest official assisting the monarch in ancient China. Meaning a person of great capacity who can accommodate people and situations.",Social Military Politics,
ZH_1092,Z,宰相家奴七品官,ZH,比喻大官僚的属下也掌有非常大的权力。也比喻官位比较高的人，家中的奴仆也有相当的身份和地位。,A metaphor: the subordinates of high officials also wield considerable power. Those who serve people of high rank also acquire significant status and standing.,Social Military Politics,
ZH_1093,Z,宰相家人七品官,ZH,宰相家的奴仆可以算是个七品官。意思是奴仆依附主子而得势。,A metaphor: the subordinates of high officials also wield considerable power. Those who serve people of high rank also acquire significant status and standing.,Social Military Politics,
ZH_1094,Z,宰相须用读书人,ZH,宰相辅助君主掌管国家大事，必须由知识渊博的人来担当。,The prime minister assists the monarch in managing state affairs and must be someone of broad knowledge and learning.,Social Military Politics,
ZH_1095,Z,蚱蜢斗公鸡,ZH,比喻弱者敌不过强者。,The weak cannot prevail against the strong.,Social Military Politics,
ZH_1096,Z,斩草不除根，萌芽依旧发,ZH,意指不彻底消灭仇敌，就有可能留下后患。,"If one does not thoroughly eliminate an enemy, there may be future troubles.",Social Military Politics,
ZH_1097,Z,斩草除根，萌芽不发,ZH,意思是除恶务尽，不留后患,"Meaning one must eradicate evil completely, leaving no future troubles.",Social Military Politics,
ZH_1098,Z,斩草要除根,ZH,除草要从根铲除。比喻除恶务尽，不留后患,"Pulling weeds means removing the roots. Eradicating evil must be thorough, leaving no remnants.",Social Military Politics,
ZH_1099,Z,占小便宜吃大亏,ZH,指常常贪图小便宜的人，总有一天会遭受大损失。劝诫人不要贪小利。,Those who constantly seek petty advantages will someday suffer great losses. An admonition against greed for small gains.,Social Military Politics,
ZH_1100,Z,站得高，看得远,ZH,指立足点高，看得就远比喻处理问题要有长远的眼光，不能只顾眼前的利益。,"Standing on high ground, one can see far. When handling problems, one should take a long-term view rather than focusing only on immediate interests.",Social Military Politics,
ZH_1101,Z,战无不胜，攻无不取,ZH,意谓军队力量强大，百战百胜，或不论做何事都不会失败。,"Meaning a military force so powerful it wins every battle, or never failing in any undertaking.",Social Military Politics,
ZH_1102,Z,丈八的灯台，照见人家照不见自己,ZH,喻指没有自知之明。,A metaphor for lacking self-awareness — not knowing one's own limitations.,Social Military Politics,
ZH_1103,Z,招军买马，积草屯粮,ZH,屯：储存。意谓扩充武装力量，加强后勤储备，或壮大实力。,"""Tún"" means to store or stockpile. Meaning to expand armed forces and strengthen logistical reserves, or to build up overall strength.",Social Military Politics,
ZH_1104,Z,知底莫过本乡人,ZH,指同乡人之间是最了解底细的。,People from the same hometown know each other's backgrounds best.,Social Military Politics,
ZH_1105,Z,知法犯法，罪加一等,ZH,明知法律规定不该这样，却偏要以身试法，这样的人就该加倍惩罚。,Knowing full well that the law forbids something yet deliberately violating it — such a person deserves double punishment.,Social Military Politics,
ZH_1106,Z,知情不报，罪加一等,ZH,明明知道案情却不及时揭发举报，更应该严加惩罚。,Clearly knowing the facts of a case yet failing to expose or report it promptly deserves even more severe punishment.,Social Military Politics,
ZH_1107,Z,执法不留情，留情法不容,ZH,意思是执法的人应该铁面无私，不徇私情。,Meaning that those who enforce the law should be impartial and show no favoritism.,Social Military Politics,
ZH_1108,Z,执法犯法，罪加一等,ZH,执法的人犯法，应当加倍处罚他。,"When a law enforcer breaks the law, they should receive double the punishment.",Social Military Politics,
ZH_1109,Z,指冬瓜骂葫芦,ZH,意思是指桑骂槐。比喻表面上骂的是一个人，实际上却是骂另外一个人。,Meaning to scold one person while actually targeting another — pointing at the mulberry tree while cursing the locust tree.,Social Military Politics,
ZH_1110,Z,只此一家，别无分店,ZH,古时商店招牌，招揽生意的用语。意指同类店铺只有这一家，独自垄断，独一无二。,"An ancient shop sign used to attract business, meaning this is the only shop of its kind — a monopoly, one of a kind.",Social Military Politics,
ZH_1111,Z,只见树木，不见森林,ZH,比喻看问题不全面，仅看到问题的局部，看不见整体局势。,A metaphor for seeing problems incompletely — observing only part of the picture while missing the overall situation.,Social Military Politics,
ZH_1112,Z,只开弓不放箭,ZH,喻指虚张声势。,A metaphor for making an empty show of force — bluffing without substance.,Social Military Politics,
ZH_1113,Z,只怕睁着眼儿的金刚，不怕闪着眼儿的佛,ZH,指怕硬不怕软。,Fearing the hard but not the soft — being a bully toward the weak.,Social Military Politics,
ZH_1114,Z,只有不快的斧，没有劈不开的柴,ZH,比喻只要决心大、方法正确，没有克服不了的困难。,"As long as one's determination is great and one's methods are correct, no difficulty is insurmountable.",Social Military Politics,
ZH_1115,Z,只有错捉，没有错放,ZH,对嫌疑犯宁可捉错，也不叮放错。意思是捉错了可放掉，放错了就不容易再捉回。,"For suspects, better to wrongly arrest than wrongly release. A wrongful arrest can be corrected by release, but a wrongful release makes recapture very difficult.",Social Military Politics,
ZH_1116,Z,只有千日做贼，哪有千日防贼,ZH,指做贼的每天都在作案，防贼的却很难每天都防备，总有松懈大意的时候。,"Thieves commit crimes every day, but those guarding against theft cannot maintain vigilance every single day — there will always be moments of laxity.",Social Military Politics,
ZH_1117,Z,只有鱼吃水，没有水吃鱼,ZH,比喻办事要合乎情理，不可以违背常规。,A metaphor: doing things must accord with reason and common sense and must not violate established norms.,Social Military Politics,
ZH_1118,Z,只知我外面行状，不知我肚内文章,ZH,行状：指人品或事迹。只了解表面情况，不晓知内心的如意算盘。,"""Xíngzhuàng"" refers to a person's character or deeds. One knows only the outward situation but not the inner calculations and intentions.",Social Military Politics,
ZH_1119,Z,只重衣衫不重人,ZH,意谓为人势利，只看重人的外表，不看重人的本质或能力。,Being snobbish and materialistic — valuing people's external appearance while ignoring their inner qualities or abilities.,Social Military Politics,
ZH_1120,Z,治乱世，用重刑,ZH,意谓必须用严厉的法律来治理混乱的社会。,Meaning that harsh laws must be used to govern a chaotic society.,Social Military Politics,
ZH_1121,Z,治一经，损一经,ZH,经，指中医的经络比喻考虑到了一方面，却又损害，影响了另一方面。,"""Jīng"" refers to meridians in traditional Chinese medicine. A metaphor meaning that in considering one aspect, one inadvertently harms or affects another — robbing Peter to pay Paul.",Social Military Politics,
ZH_1122,Z,鸷鸟将击，卑飞敛翼,ZH,鸷鸟：指凶猛的鸟。意指欲擒故纵，待机而后发。,"""Zhìniǎo"" means a fierce bird of prey. Meaning to deliberately let the enemy relax their guard before striking — holding back to wait for the optimal moment.",Social Military Politics,
ZH_1123,Z,智过禽获得禽，智过兽获得兽,ZH,只有智谋比禽兽高才能捉住禽兽。意谓谋略只有高过对手才可以打败对手。,Only by being more cunning than wild beasts can one catch them. Strategy must surpass that of the opponent to achieve victory.,Social Military Politics,
ZH_1124,Z,珍珠掺着绿豆卖，一样价钱也抱屈,ZH,指把珍珠掺到绿豆当中去卖，即使仍卖出和珍珠一样的价格，也会使珍珠受到屈辱。比喻有名望有地位的人和平庸的人搅和到一起，身价就会降低。,"Mixing pearls in with mung beans to sell — even if they still fetch a pearl's price, the pearls are degraded. When a person of reputation and status mingles with mediocre people, their own standing is diminished.",Social Military Politics,
ZH_1125,Z,争得猫儿丢了牛,ZH,意谓因小失大。,"Meaning losing much for the sake of gaining little — penny wise, pound foolish.",Social Military Politics,
ZH_1126,Z,政如冰霜，奸宄消亡；威如雷霆，寇贼不生,ZH,奸宄：坏人。指政治清廉，法令严明，就不会出现违法乱纪的坏人和坏事。比喻政令严肃威猛，违法乱纪的坏人就自然不会出现了。,"""Jiānguǐ"" means evildoers. When governance is clean and laws are strict, criminals and lawlessness will not appear. When government decrees are stern and powerful, wrongdoers naturally will not emerge.",Social Military Politics,
ZH_1127,Z,忠臣不怕死，怕死不忠臣,ZH,意指尽忠报国的臣子不怕死，贪生怕死的臣子不会为国卖命。,Loyal ministers who serve their country are unafraid of death; cowardly ministers who fear death will not risk their lives for the nation.,Social Military Politics,
ZH_1128,Z,忠臣孝子人人敬，佞党奸贼留骂名,ZH,意谓忠臣孝子受人尊敬，佞党奸贼受人憎恨。,Loyal ministers and filial sons are respected by all; treacherous sycophants are hated by all.,Social Military Politics,
ZH_1129,Z,忠孝不能两全,ZH,指尽忠和尽孝常常不能两者都兼顾。,Loyalty to one's sovereign and filial devotion to one's parents often cannot both be fulfilled at the same time.,Social Military Politics,
ZH_1130,Z,忠言逆耳利于行，良药苦口利于病,ZH,逆耳：不顺耳。意谓忠诚的话听着不好听，但有利于行为；烈性的药喝下去很苦，但能治好疾病。,"""Nì'ěr"" means grating to the ear. Honest advice may be unpleasant to hear but benefits one's conduct; strong medicine may taste bitter but cures disease.",Social Military Politics,
ZH_1131,Z,种瓜得瓜，种豆得豆,ZH,原是佛教用语，指因果报应。后来用作比喻做什么样的事，就会得到什么样的结果。,"Originally a Buddhist term referring to karmic retribution. Later used as a metaphor: whatever kind of deeds one does, one will receive corresponding results.",Social Military Politics,
ZH_1132,Z,重赏之下，必有勇夫,ZH,指重金悬赏，必定有人敢于出来做事。换句话说，只要有重赏，不论事情有多艰险，都会有人去干。,"Under heavy rewards, there will certainly be brave people willing to step forward. As long as the reward is great enough, no matter how dangerous the task, someone will undertake it.",Social Military Politics,
ZH_1133,Z,众人的眼睛是杆秤,ZH,指大家对事物有公正的评价。,Meaning the public has fair and just evaluations of things.,Social Military Politics,
ZH_1134,Z,主将无能，累死三军,ZH,意思是将领没有才能，部下累死也不会获胜。,"When a general lacks ability, subordinates will die of exhaustion without achieving victory.",Social Military Politics,
ZH_1135,Z,抓鱼要掐鳃，捉蛇要攥头,ZH,指掐住鱼鳃，鱼溜不掉；攥住蛇头，蛇不能咬人。比喻说话做事只要有理，就不会处于被动地位。,"Grip a fish by the gills and it cannot slip away; hold a snake by the head and it cannot bite. As long as one has reason on one's side in speech and action, one will not be at a disadvantage.",Social Military Politics,
ZH_1136,Z,最能拉车的牛，最先挨人的刀,ZH,指出力最多的牛，死得最早。古时比喻最善良最勤劳的人常常是最早受到打击和迫害的。,"The ox that works the hardest dies the earliest. In ancient times, this meant that the kindest and most diligent people were often the first to be attacked and persecuted.",Social Military Politics,
ZH_1137,Z,早晨不做官，晚夕不唱喏,ZH,唱喏：拱手扬声致礼。对失去官职的人就没有必要行礼致敬了。意谓世俗中的人情势利。,"""Chàngnuò"" means to clasp hands and call out a greeting. There is no need to bow and pay respects to someone who has lost their official position. This describes the fickleness and snobbery of worldly human relations.",Social Military Politics,
ZH_1138,Z,早晨栽下树，到晚要乘凉,ZH,比喻盼望早些得到收益。也比喻事情刚刚做完，不会立即就能受益。,A metaphor for hoping to see returns soon. Also means one cannot expect immediate benefit right after finishing something.,Social Military Politics,
ZH_1139,Z,早知三日事，富贵几千年,ZH,指如果可以预测未来的事，就能获得长久的利益。,"If one could predict future events, one could secure lasting profit.",Social Military Politics,
ZH_1140,Z,在官言官，在府言府，在库言库，在朝言朝,ZH,在官府就谈论官府的事，在储藏货物的地方就谈论储藏的事，在武库就谈论武库的事，在朝廷就谈论朝政的事。意思是处在什么地位就说什么话。,"In the government office, discuss government matters; in the storehouse, discuss storage; in the armory, discuss arms; at court, discuss court affairs. Meaning one should speak according to one's position and setting.",Social Military Politics,
ZH_1141,Z,造法容易执法难,ZH,意指执法比制定法律困难很多。,Enforcing the law is far more difficult than drafting it.,Social Military Politics,
ZH_1142,Z,自家有病自家知,ZH,比喻自己最了解自己的状况。,A metaphor meaning one knows one's own situation best.,Social Military Politics,
ZH_1143,Z,自古兴亡不由人,ZH,兴亡：国家兴盛与衰亡。古时认为国家的兴亡不是由人的意志所能定夺的。,"""Xīngwáng"" refers to a nation's rise and fall. In ancient belief, the rise and fall of states was not something human will could determine.",Social Military Politics,
ZH_1144,Z,纵虎归山，后患无穷,ZH,意谓放掉强敌，后患无穷。,Releasing a powerful enemy leads to endless future troubles.,Social Military Politics,
ZH_1145,Z,纵子如纵虎,ZH,指放纵子女就像放开老虎一样，后患无穷。,Indulging one's children is like releasing a tiger — the future consequences are endless.,Social Military Politics,
ZH_1146,Z,作恶恐遭天地责，欺心犹怕鬼神知,ZH,意谓干坏事天地不容，昧良心做坏事早晚要遭报应。,Doing evil is intolerable to Heaven and Earth; acting against conscience will eventually bring retribution.,Social Military Politics,
ZH_1147,Z,作福不如避罪,ZH,在佛祖前做功德求福，不如不干犯法的坏事。,Performing meritorious deeds before the Buddha is not as good as simply refraining from breaking the law.,Social Military Politics,
ZH_1148,Z,坐得正来立得正，哪怕和尚尼姑合板凳,ZH,比喻行为正派，不怕他人议论。,"A metaphor: if one's conduct is upright, one need not fear others' talk and criticism.",Social Military Politics,
ZH_1149,Z,坐山观虎斗,ZH,比喻用旁观者的态度看待双方的争斗。,"A metaphor for watching both sides fight from the sidelines, as an uninvolved spectator.",Social Military Politics,
ZH_1150,Z,坐饮家乡水也甜,ZH,喝自己家乡的水，会感觉水也是甜的。比喻对自己的家乡都有着深厚的感情。,"Drinking the water of one's hometown, even the water tastes sweet. People always have deep affection for their homeland.",Social Military Politics,
ZH_1151,Z,做得矮人，才做得将军,ZH,意思是只有能屈能伸，才能成大事。,Only by being able to both bend and stretch — to endure humiliation and exercise patience — can one accomplish great things.,Social Military Politics,
ZH_1152,Z,做事要在理，煮饭要有米,ZH,指做事必须合乎常理，就像做饭必须有米一样。,"Doing things must accord with common sense, just as cooking requires rice as an ingredient.",Social Military Politics,
,,,,,,,
,,,,,,,
,,,,,,,